ID,,Time,Coordinates,Latitude,Longitude,Pedestrian strip width,Strip services ,Material,Status of maintenance,Continuity,Mobiles obstacles,Permanent obstacles,Vertical Obstacles,Street furniture,Trees,Planters,"Street lighting
",Facades activity,Percentage of parking accesses,visibilidad de fachada,Score,,,,
427,,12/05/2022 15:51:39.329 CST,POINT Z (-99.13680688 19.43717423 0.000),19.44,-99.14,1 (mas de 1.8m),1 (si existe),1 (material que no resbale),1 (sin grietas o levantamientos),0 (hay desniveles),1 (no hay obstaculos),1 (no hay obstaculos),1 (no hay obstaculos),1 (una o mas bancas),0.5 (por lo menos la mitad de la acera tiene arboles),0.5 (la mitad tiene jardineras),1 (hay postes que miran a la acera en todo el tramo),1 (al menos un local o comercio),1 (no existe o uno ocupa menos del 30% del lote),1 (la mayoria es visible),13,,,,
428,,12/05/2022 15:51:40.267 CST,POINT Z (-99.13679615 19.43745214 0.000),19.44,-99.14,1 (mas de 1.8m),1 (si existe),1 (material que no resbale),0.5 (con grietas o levantamientos),1 (no hay desniveles),1 (no hay obstaculos),1 (no hay obstaculos),1 (no hay obstaculos),0 (no hay bancas),1 (toda la acera tiene arboles),0.5 (la mitad tiene jardineras),1 (hay postes que miran a la acera en todo el tramo),1 (al menos un local o comercio),1 (no existe o uno ocupa menos del 30% del lote),1 (la mayoria es visible),13,,,,
433,,12/05/2022 15:55:53.546 CST,POINT Z (-99.13588319 19.43673570 0.000),19.44,-99.14,1 (mas de 1.8m),1 (si existe),1 (material que no resbale),1 (sin grietas o levantamientos),1 (no hay desniveles),1 (no hay obstaculos),1 (no hay obstaculos),1 (no hay obstaculos),0 (no hay bancas),1 (toda la acera tiene arboles),0 (menos de la mitad cuenta con jardineras),1 (hay postes que miran a la acera en todo el tramo),1 (al menos un local o comercio),1 (no existe o uno ocupa menos del 30% del lote),1 (la mayoria es visible),13,,,,
434,,12/05/2022 15:55:54.286 CST,POINT Z (-99.13571220 19.43674361 0.000),19.44,-99.14,0.5 (1.2 m a 1.8m),1 (si existe),1 (material que no resbale),1 (sin grietas o levantamientos),1 (no hay desniveles),1 (no hay obstaculos),1 (no hay obstaculos),1 (no hay obstaculos),0 (no hay bancas),0.5 (por lo menos la mitad de la acera tiene arboles),0 (menos de la mitad cuenta con jardineras),1 (hay postes que miran a la acera en todo el tramo),1 (al menos un local o comercio),1 (no existe o uno ocupa menos del 30% del lote),1 (la mayoria es visible),12,,,,
435,,12/05/2022 16:02:39.674 CST,POINT Z (-99.13557105 19.43527468 0.000),19.44,-99.14,1 (mas de 1.8m),1 (si existe),1 (material que no resbale),1 (sin grietas o levantamientos),1 (no hay desniveles),1 (no hay obstaculos),1 (no hay obstaculos),1 (no hay obstaculos),0 (no hay bancas),0.5 (por lo menos la mitad de la acera tiene arboles),0.5 (la mitad tiene jardineras),1 (hay postes que miran a la acera en todo el tramo),1 (al menos un local o comercio),1 (no existe o uno ocupa menos del 30% del lote),1 (la mayoria es visible),13,,,,
436,,12/05/2022 16:02:40.147 CST,POINT Z (-99.13554624 19.43547703 0.000),19.44,-99.14,0.5 (1.2 m a 1.8m),1 (si existe),1 (material que no resbale),0.5 (con grietas o levantamientos),1 (no hay desniveles),1 (no hay obstaculos),1 (no hay obstaculos),1 (no hay obstaculos),0 (no hay bancas),0 (menos de la mitad tiene arboles,0 (menos de la mitad cuenta con jardineras),1 (hay postes que miran a la acera en todo el tramo),1 (al menos un local o comercio),1 (no existe o uno ocupa menos del 30% del lote),1 (la mayoria es visible),11,,,,
442,,12/05/2022 16:06:02.672 CST,POINT Z (-99.13509294 19.43492879 0.000),19.43,-99.14,1 (mas de 1.8m),1 (si existe),1 (material que no resbale),1 (sin grietas o levantamientos),1 (no hay desniveles),1 (no hay obstaculos),1 (no hay obstaculos),1 (no hay obstaculos),0 (no hay bancas),1 (toda la acera tiene arboles),1 (toda la acera tiene jardineras),1 (hay postes que miran a la acera en todo el tramo),1 (al menos un local o comercio),1 (no existe o uno ocupa menos del 30% del lote),1 (la mayoria es visible),14,,,,
443,,12/05/2022 16:06:04.379 CST,POINT Z (-99.13514089 19.43439572 0.000),19.43,-99.14,1 (mas de 1.8m),1 (si existe),1 (material que no resbale),1 (sin grietas o levantamientos),1 (no hay desniveles),1 (no hay obstaculos),1 (no hay obstaculos),1 (no hay obstaculos),0 (no hay bancas),0 (menos de la mitad tiene arboles,0 (menos de la mitad cuenta con jardineras),1 (hay postes que miran a la acera en todo el tramo),1 (al menos un local o comercio),1 (no existe o uno ocupa menos del 30% del lote),1 (la mayoria es visible),12,,,,
444,,12/05/2022 16:06:06.522 CST,POINT Z (-99.13492631 19.43458701 0.000),19.43,-99.13,0.5 (1.2 m a 1.8m),1 (si existe),1 (material que no resbale),1 (sin grietas o levantamientos),1 (no hay desniveles),1 (no hay obstaculos),1 (no hay obstaculos),1 (no hay obstaculos),0 (no hay bancas),1 (toda la acera tiene arboles),1 (toda la acera tiene jardineras),1 (hay postes que miran a la acera en todo el tramo),1 (al menos un local o comercio),1 (no existe o uno ocupa menos del 30% del lote),1 (la mayoria es visible),13.5,,,,
450,,12/06/2022 13:49:07.830 CST,POINT Z (-99.13293611 19.42621169 0.000),19.43,-99.13,1 (mas de 1.8m),1 (si existe),1 (material que no resbale),1 (sin grietas o levantamientos),1 (no hay desniveles),1 (no hay obstaculos),1 (no hay obstaculos),1 (no hay obstaculos),1 (una o mas bancas),1 (toda la acera tiene arboles),1 (toda la acera tiene jardineras),1 (hay postes que miran a la acera en todo el tramo),1 (al menos un local o comercio),1 (no existe o uno ocupa menos del 30% del lote),1 (la mayoria es visible),15,,,,
459,,12/06/2022 13:58:06.041 CST,POINT Z (-99.13301893 19.42701196 0.000),19.43,-99.13,1 (mas de 1.8m),1 (si existe),1 (material que no resbale),1 (sin grietas o levantamientos),1 (no hay desniveles),1 (no hay obstaculos),1 (no hay obstaculos),1 (no hay obstaculos),0 (no hay bancas),1 (toda la acera tiene arboles),1 (toda la acera tiene jardineras),1 (hay postes que miran a la acera en todo el tramo),1 (al menos un local o comercio),1 (no existe o uno ocupa menos del 30% del lote),1 (la mayoria es visible),9,,,,
460,,12/06/2022 13:58:07.849 CST,POINT Z (-99.13281709 19.42691806 0.000),19.43,-99.13,1 (mas de 1.8m),1 (si existe),1 (material que no resbale),1 (sin grietas o levantamientos),1 (no hay desniveles),1 (no hay obstaculos),1 (no hay obstaculos),1 (no hay obstaculos),0 (no hay bancas),1 (toda la acera tiene arboles),1 (toda la acera tiene jardineras),1 (hay postes que miran a la acera en todo el tramo),1 (al menos un local o comercio),1 (no existe o uno ocupa menos del 30% del lote),1 (la mayoria es visible),9,,,,
468,,12/06/2022 14:05:30.651 CST,POINT Z (-99.13332000 19.42754758 0.000),19.43,-99.13,0.5 (1.2 m a 1.8m),1 (si existe),1 (material que no resbale),1 (sin grietas o levantamientos),1 (no hay desniveles),1 (no hay obstaculos),1 (no hay obstaculos),1 (no hay obstaculos),0 (no hay bancas),0.5 (por lo menos la mitad de la acera tiene arboles),0.5 (la mitad tiene jardineras),1 (hay postes que miran a la acera en todo el tramo),1 (al menos un local o comercio),1 (no existe o uno ocupa menos del 30% del lote),1 (la mayoria es visible),12.5,,,,
469,,12/06/2022 14:05:32.738 CST,POINT Z (-99.13337801 19.42741099 0.000),19.43,-99.13,0.5 (1.2 m a 1.8m),1 (si existe),1 (material que no resbale),1 (sin grietas o levantamientos),0 (hay desniveles),0 (hay obstaculos),1 (no hay obstaculos),1 (no hay obstaculos),0 (no hay bancas),0.5 (por lo menos la mitad de la acera tiene arboles),0 (menos de la mitad cuenta con jardineras),1 (hay postes que miran a la acera en todo el tramo),1 (al menos un local o comercio),1 (no existe o uno ocupa menos del 30% del lote),1 (la mayoria es visible),10,,,,
491,,12/06/2022 15:09:01.084 CST,POINT Z (-99.13916286 19.42851416 0.000),19.43,-99.14,1 (mas de 1.8m),1 (si existe),1 (material que no resbale),0.5 (con grietas o levantamientos),1 (no hay desniveles),0 (hay obstaculos),1 (no hay obstaculos),1 (no hay obstaculos),0 (no hay bancas),0.5 (por lo menos la mitad de la acera tiene arboles),0 (menos de la mitad cuenta con jardineras),1 (hay postes que miran a la acera en todo el tramo),1 (al menos un local o comercio),1 (no existe o uno ocupa menos del 30% del lote),1 (la mayoria es visible),11,,,,
492,,12/06/2022 15:09:02.266 CST,POINT Z (-99.13905255 19.42857961 0.000),19.43,-99.14,0.5 (1.2 m a 1.8m),1 (si existe),1 (material que no resbale),1 (sin grietas o levantamientos),1 (no hay desniveles),1 (no hay obstaculos),1 (no hay obstaculos),1 (no hay obstaculos),1 (una o mas bancas),0 (menos de la mitad tiene arboles,0 (menos de la mitad cuenta con jardineras),1 (hay postes que miran a la acera en todo el tramo),1 (al menos un local o comercio),1 (no existe o uno ocupa menos del 30% del lote),1 (la mayoria es visible),12.5,,,,
498,,12/06/2022 15:13:19.660 CST,POINT Z (-99.13905557 19.42962839 0.000),19.43,-99.14,1 (mas de 1.8m),1 (si existe),1 (material que no resbale),1 (sin grietas o levantamientos),1 (no hay desniveles),1 (no hay obstaculos),1 (no hay obstaculos),1 (no hay obstaculos),0 (no hay bancas),0.5 (por lo menos la mitad de la acera tiene arboles),0.5 (la mitad tiene jardineras),1 (hay postes que miran a la acera en todo el tramo),1 (al menos un local o comercio),1 (no existe o uno ocupa menos del 30% del lote),1 (la mayoria es visible),13,,,,
499,,12/06/2022 15:13:20.295 CST,POINT Z (-99.13890637 19.42961606 0.000),19.43,-99.14,1 (mas de 1.8m),1 (si existe),1 (material que no resbale),1 (sin grietas o levantamientos),1 (no hay desniveles),1 (no hay obstaculos),1 (no hay obstaculos),1 (no hay obstaculos),0 (no hay bancas),0 (menos de la mitad tiene arboles,0 (menos de la mitad cuenta con jardineras),1 (hay postes que miran a la acera en todo el tramo),1 (al menos un local o comercio),1 (no existe o uno ocupa menos del 30% del lote),1 (la mayoria es visible),12,,,,
507,,12/06/2022 15:31:28.261 CST,POINT Z (-99.13801488 19.42869376 0.000),19.43,-99.14,1 (mas de 1.8m),1 (si existe),1 (material que no resbale),1 (sin grietas o levantamientos),1 (no hay desniveles),1 (no hay obstaculos),1 (no hay obstaculos),1 (no hay obstaculos),0 (no hay bancas),1 (toda la acera tiene arboles),1 (toda la acera tiene jardineras),1 (hay postes que miran a la acera en todo el tramo),1 (al menos un local o comercio),1 (no existe o uno ocupa menos del 30% del lote),0.5 (mas de la mitad son visibles),13.5,,,,
508,,12/06/2022 15:31:29.195 CST,POINT Z (-99.13794883 19.42886513 0.000),19.43,-99.14,1 (mas de 1.8m),1 (si existe),1 (material que no resbale),1 (sin grietas o levantamientos),0 (hay desniveles),1 (no hay obstaculos),1 (no hay obstaculos),1 (no hay obstaculos),0 (no hay bancas),1 (toda la acera tiene arboles),1 (toda la acera tiene jardineras),1 (hay postes que miran a la acera en todo el tramo),1 (al menos un local o comercio),1 (no existe o uno ocupa menos del 30% del lote),0.5 (mas de la mitad son visibles),12.5,,,,
517,,12/06/2022 15:41:03.862 CST,POINT Z (-99.13628049 19.42852776 0.000),19.43,-99.14,1 (mas de 1.8m),1 (si existe),1 (material que no resbale),0.5 (con grietas o levantamientos),0 (hay desniveles),0 (hay obstaculos),1 (no hay obstaculos),1 (no hay obstaculos),0 (no hay bancas),1 (toda la acera tiene arboles),1 (toda la acera tiene jardineras),1 (hay postes que miran a la acera en todo el tramo),1 (al menos un local o comercio),0 (existe uno o mas que ocupan el 30% o mas),1 (la mayoria es visible),10.5,,,,
518,,12/06/2022 15:41:07.670 CST,POINT Z (-99.13571991 19.42868933 0.000),19.43,-99.14,1 (mas de 1.8m),1 (si existe),1 (material que no resbale),1 (sin grietas o levantamientos),0 (hay desniveles),1 (no hay obstaculos),1 (no hay obstaculos),1 (no hay obstaculos),0 (no hay bancas),1 (toda la acera tiene arboles),1 (toda la acera tiene jardineras),1 (hay postes que miran a la acera en todo el tramo),1 (al menos un local o comercio),0 (existe uno o mas que ocupan el 30% o mas),0 (menos de la mitad son visibles),11,,,,
519,,12/06/2022 15:41:10.121 CST,POINT Z (-99.13541012 19.42846294 0.000),19.43,-99.14,1 (mas de 1.8m),1 (si existe),1 (material que no resbale),0.5 (con grietas o levantamientos),1 (no hay desniveles),1 (no hay obstaculos),1 (no hay obstaculos),1 (no hay obstaculos),0 (no hay bancas),0.5 (por lo menos la mitad de la acera tiene arboles),0.5 (la mitad tiene jardineras),1 (hay postes que miran a la acera en todo el tramo),1 (al menos un local o comercio),1 (no existe o uno ocupa menos del 30% del lote),1 (la mayoria es visible),12.5,,,,
525,,12/06/2022 15:46:36.003 CST,POINT Z (-99.13442038 19.42849013 0.000),19.43,-99.13,0.5 (1.2 m a 1.8m),1 (si existe),1 (material que no resbale),1 (sin grietas o levantamientos),1 (no hay desniveles),1 (no hay obstaculos),1 (no hay obstaculos),1 (no hay obstaculos),0 (no hay bancas),1 (toda la acera tiene arboles),1 (toda la acera tiene jardineras),1 (hay postes que miran a la acera en todo el tramo),1 (al menos un local o comercio),1 (no existe o uno ocupa menos del 30% del lote),1 (la mayoria es visible),13.5,,,,
526,,12/06/2022 15:46:40.128 CST,POINT Z (-99.13446665 19.42838073 0.000),19.43,-99.13,1 (mas de 1.8m),1 (si existe),1 (material que no resbale),1 (sin grietas o levantamientos),1 (no hay desniveles),1 (no hay obstaculos),1 (no hay obstaculos),1 (no hay obstaculos),0 (no hay bancas),1 (toda la acera tiene arboles),1 (toda la acera tiene jardineras),1 (hay postes que miran a la acera en todo el tramo),1 (al menos un local o comercio),1 (no existe o uno ocupa menos del 30% del lote),1 (la mayoria es visible),14,,,,
620,,12/08/2022 11:12:06.676 CST,POINT Z (-99.14116547 19.42243540 0.000),19.42,-99.14,1 (mas de 1.8m),1 (si existe),1 (material que no resbale),0.5 (con grietas o levantamientos),0 (hay desniveles),0 (hay obstaculos),1 (no hay obstaculos),1 (no hay obstaculos),1 (una o mas bancas),1 (toda la acera tiene arboles),1 (toda la acera tiene jardineras),1 (hay postes que miran a la acera en todo el tramo),1 (al menos un local o comercio),0 (existe uno o mas que ocupan el 30% o mas),0 (menos de la mitad son visibles),10.5,,,,
627,,12/08/2022 11:20:19.520 CST,POINT Z (-99.14005034 19.42325751 0.000),19.42,-99.14,0.5 (1.2 m a 1.8m),1 (si existe),1 (material que no resbale),0.5 (con grietas o levantamientos),0 (hay desniveles),1 (no hay obstaculos),0 (hay obstaculos),1 (no hay obstaculos),0 (no hay bancas),0.5 (por lo menos la mitad de la acera tiene arboles),0 (menos de la mitad cuenta con jardineras),1 (hay postes que miran a la acera en todo el tramo),1 (al menos un local o comercio),0 (existe uno o mas que ocupan el 30% o mas),0 (menos de la mitad son visibles),7.5,,,,
628,,12/08/2022 11:20:23.155 CST,POINT Z (-99.13980223 19.42329292 0.000),19.42,-99.14,0.5 (1.2 m a 1.8m),1 (si existe),1 (material que no resbale),0.5 (con grietas o levantamientos),0 (hay desniveles),0 (hay obstaculos),1 (no hay obstaculos),0 (hay obstaculos),0 (no hay bancas),0.5 (por lo menos la mitad de la acera tiene arboles),0 (menos de la mitad cuenta con jardineras),1 (hay postes que miran a la acera en todo el tramo),1 (al menos un local o comercio),0 (existe uno o mas que ocupan el 30% o mas),0.5 (mas de la mitad son visibles),7,,,,
645,,12/08/2022 11:36:09.972 CST,POINT Z (-99.13942169 19.42252457 0.000),19.42,-99.14,1 (mas de 1.8m),1 (si existe),1 (material que no resbale),0.5 (con grietas o levantamientos),0 (hay desniveles),1 (no hay obstaculos),1 (no hay obstaculos),1 (no hay obstaculos),1 (una o mas bancas),0 (menos de la mitad tiene arboles,0 (menos de la mitad cuenta con jardineras),0.5 (existen postes en una parte del tramo),0 (no existen locales),0 (existe uno o mas que ocupan el 30% o mas),0 (menos de la mitad son visibles),8,,,,
649,,12/08/2022 11:39:50.054 CST,POINT Z (-99.13826533 19.42253374 0.000),19.42,-99.14,1 (mas de 1.8m),1 (si existe),1 (material que no resbale),0 (superficie deteriorada),0 (hay desniveles),1 (no hay obstaculos),1 (no hay obstaculos),1 (no hay obstaculos),0 (no hay bancas),0 (menos de la mitad tiene arboles,0 (menos de la mitad cuenta con jardineras),1 (hay postes que miran a la acera en todo el tramo),1 (al menos un local o comercio),0 (existe uno o mas que ocupan el 30% o mas),0 (menos de la mitad son visibles),8,,,,
653,,12/08/2022 11:44:18.215 CST,POINT Z (-99.13774263 19.42345229 0.000),19.42,-99.14,1 (mas de 1.8m),1 (si existe),1 (material que no resbale),0.5 (con grietas o levantamientos),0 (hay desniveles),1 (no hay obstaculos),0 (hay obstaculos),1 (no hay obstaculos),0 (no hay bancas),0.5 (por lo menos la mitad de la acera tiene arboles),0.5 (la mitad tiene jardineras),1 (hay postes que miran a la acera en todo el tramo),1 (al menos un local o comercio),0 (existe uno o mas que ocupan el 30% o mas),0 (menos de la mitad son visibles),8.5,,,,
670,,12/08/2022 12:02:35.881 CST,POINT Z (-99.13765781 19.42321261 0.000),19.42,-99.14,1 (mas de 1.8m),1 (si existe),1 (material que no resbale),0.5 (con grietas o levantamientos),0 (hay desniveles),0 (hay obstaculos),1 (no hay obstaculos),0 (hay obstaculos),0 (no hay bancas),0.5 (por lo menos la mitad de la acera tiene arboles),0.5 (la mitad tiene jardineras),1 (hay postes que miran a la acera en todo el tramo),1 (al menos un local o comercio),1 (no existe o uno ocupa menos del 30% del lote),1 (la mayoria es visible),9.5,,,,
671,,12/08/2022 12:04:47.887 CST,POINT Z (-99.13725715 19.42322937 0.000),19.42,-99.14,0.5 (1.2 m a 1.8m),1 (si existe),1 (material que no resbale),0.5 (con grietas o levantamientos),0 (hay desniveles),0 (hay obstaculos),1 (no hay obstaculos),1 (no hay obstaculos),0 (no hay bancas),0 (menos de la mitad tiene arboles,0 (menos de la mitad cuenta con jardineras),1 (hay postes que miran a la acera en todo el tramo),0 (no existen locales),0 (existe uno o mas que ocupan el 30% o mas),0 (menos de la mitad son visibles),6,,,,
672,,12/08/2022 12:04:51.783 CST,POINT Z (-99.13693931 19.42286732 0.000),19.42,-99.14,0.5 (1.2 m a 1.8m),1 (si existe),1 (material que no resbale),0.5 (con grietas o levantamientos),0 (hay desniveles),1 (no hay obstaculos),1 (no hay obstaculos),1 (no hay obstaculos),0 (no hay bancas),0 (menos de la mitad tiene arboles,0 (menos de la mitad cuenta con jardineras),1 (hay postes que miran a la acera en todo el tramo),1 (al menos un local o comercio),0 (existe uno o mas que ocupan el 30% o mas),0.5 (mas de la mitad son visibles),8.5,,,,
673,,12/08/2022 12:06:34.119 CST,POINT Z (-99.13640857 19.42267445 0.000),19.42,-99.14,1 (mas de 1.8m),1 (si existe),1 (material que no resbale),0.5 (con grietas o levantamientos),0 (hay desniveles),1 (no hay obstaculos),1 (no hay obstaculos),1 (no hay obstaculos),0 (no hay bancas),0.5 (por lo menos la mitad de la acera tiene arboles),0.5 (la mitad tiene jardineras),1 (hay postes que miran a la acera en todo el tramo),1 (al menos un local o comercio),1 (no existe o uno ocupa menos del 30% del lote),0 (menos de la mitad son visibles),10.5,,,,
680,,12/08/2022 12:14:12.171 CST,POINT Z (-99.13584698 19.42310194 0.000),19.42,-99.14,1 (mas de 1.8m),1 (si existe),1 (material que no resbale),0.5 (con grietas o levantamientos),0 (hay desniveles),1 (no hay obstaculos),0 (hay obstaculos),1 (no hay obstaculos),0 (no hay bancas),0 (menos de la mitad tiene arboles,0 (menos de la mitad cuenta con jardineras),1 (hay postes que miran a la acera en todo el tramo),1 (al menos un local o comercio),0 (existe uno o mas que ocupan el 30% o mas),1 (la mayoria es visible),8.5,,,,
693,,12/08/2022 12:28:50.771 CST,POINT Z (-99.13510066 19.42307064 0.000),19.42,-99.14,1 (mas de 1.8m),1 (si existe),1 (material que no resbale),0.5 (con grietas o levantamientos),0 (hay desniveles),1 (no hay obstaculos),0 (hay obstaculos),1 (no hay obstaculos),0 (no hay bancas),0 (menos de la mitad tiene arboles,0 (menos de la mitad cuenta con jardineras),1 (hay postes que miran a la acera en todo el tramo),1 (al menos un local o comercio),1 (no existe o uno ocupa menos del 30% del lote),0.5 (mas de la mitad son visibles),9,,,,
704,,12/08/2022 12:55:01.396 CST,POINT Z (-99.13631435 19.42385701 0.000),19.42,-99.14,0.5 (1.2 m a 1.8m),1 (si existe),1 (material que no resbale),0.5 (con grietas o levantamientos),1 (no hay desniveles),1 (no hay obstaculos),1 (no hay obstaculos),1 (no hay obstaculos),0 (no hay bancas),0.5 (por lo menos la mitad de la acera tiene arboles),0 (menos de la mitad cuenta con jardineras),1 (hay postes que miran a la acera en todo el tramo),1 (al menos un local o comercio),1 (no existe o uno ocupa menos del 30% del lote),0 (menos de la mitad son visibles),10.5,,,,
707,,12/08/2022 12:59:53.789 CST,POINT Z (-99.13731582 19.42400847 0.000),19.42,-99.14,1 (mas de 1.8m),1 (si existe),1 (material que no resbale),0.5 (con grietas o levantamientos),0 (hay desniveles),1 (no hay obstaculos),1 (no hay obstaculos),1 (no hay obstaculos),0 (no hay bancas),0.5 (por lo menos la mitad de la acera tiene arboles),0.5 (la mitad tiene jardineras),1 (hay postes que miran a la acera en todo el tramo),1 (al menos un local o comercio),1 (no existe o uno ocupa menos del 30% del lote),0.5 (mas de la mitad son visibles),11,,,,
708,,12/08/2022 12:59:57.174 CST,POINT Z (-99.13802493 19.42404262 0.000),19.42,-99.14,1 (mas de 1.8m),1 (si existe),1 (material que no resbale),0.5 (con grietas o levantamientos),1 (no hay desniveles),0 (hay obstaculos),1 (no hay obstaculos),1 (no hay obstaculos),1 (una o mas bancas),1 (toda la acera tiene arboles),1 (toda la acera tiene jardineras),1 (hay postes que miran a la acera en todo el tramo),1 (al menos un local o comercio),0 (existe uno o mas que ocupan el 30% o mas),0 (menos de la mitad son visibles),11.5,,,,
714,,12/08/2022 13:10:30.776 CST,POINT Z (-99.14027262 19.42429526 0.000),19.42,-99.14,1 (mas de 1.8m),1 (si existe),1 (material que no resbale),0.5 (con grietas o levantamientos),0 (hay desniveles),1 (no hay obstaculos),1 (no hay obstaculos),1 (no hay obstaculos),0 (no hay bancas),0.5 (por lo menos la mitad de la acera tiene arboles),0 (menos de la mitad cuenta con jardineras),1 (hay postes que miran a la acera en todo el tramo),1 (al menos un local o comercio),1 (no existe o uno ocupa menos del 30% del lote),1 (la mayoria es visible),11,,,,
717,,12/08/2022 13:15:05.453 CST,POINT Z (-99.14151952 19.42439707 0.000),19.42,-99.14,1 (mas de 1.8m),1 (si existe),1 (material que no resbale),0.5 (con grietas o levantamientos),0 (hay desniveles),0 (hay obstaculos),1 (no hay obstaculos),1 (no hay obstaculos),1 (una o mas bancas),0.5 (por lo menos la mitad de la acera tiene arboles),0.5 (la mitad tiene jardineras),1 (hay postes que miran a la acera en todo el tramo),1 (al menos un local o comercio),0 (existe uno o mas que ocupan el 30% o mas),0.5 (mas de la mitad son visibles),10,,,,
721,,12/08/2022 13:25:12.029 CST,POINT Z (-99.14116479 19.42488053 0.000),19.42,-99.14,1 (mas de 1.8m),1 (si existe),1 (material que no resbale),0.5 (con grietas o levantamientos),0 (hay desniveles),1 (no hay obstaculos),1 (no hay obstaculos),1 (no hay obstaculos),1 (una o mas bancas),1 (toda la acera tiene arboles),0.5 (la mitad tiene jardineras),1 (hay postes que miran a la acera en todo el tramo),1 (al menos un local o comercio),0 (existe uno o mas que ocupan el 30% o mas),0.5 (mas de la mitad son visibles),11.5,,,,
723,,12/08/2022 13:29:02.276 CST,POINT Z (-99.13863648 19.42451185 0.000),19.42,-99.14,1 (mas de 1.8m),1 (si existe),1 (material que no resbale),0.5 (con grietas o levantamientos),0 (hay desniveles),1 (no hay obstaculos),1 (no hay obstaculos),1 (no hay obstaculos),0 (no hay bancas),0.5 (por lo menos la mitad de la acera tiene arboles),0.5 (la mitad tiene jardineras),1 (hay postes que miran a la acera en todo el tramo),1 (al menos un local o comercio),1 (no existe o uno ocupa menos del 30% del lote),0 (menos de la mitad son visibles),10.5,,,,
727,,12/08/2022 13:35:23.625 CST,POINT Z (-99.13642835 19.42432150 0.000),19.42,-99.14,1 (mas de 1.8m),1 (si existe),1 (material que no resbale),0.5 (con grietas o levantamientos),0 (hay desniveles),1 (no hay obstaculos),1 (no hay obstaculos),1 (no hay obstaculos),0 (no hay bancas),1 (toda la acera tiene arboles),0.5 (la mitad tiene jardineras),1 (hay postes que miran a la acera en todo el tramo),1 (al menos un local o comercio),0 (existe uno o mas que ocupan el 30% o mas),0.5 (mas de la mitad son visibles),10.5,,,,
733,,12/08/2022 13:45:20.779 CST,POINT Z (-99.13351145 19.42497507 0.000),19.42,-99.13,1 (mas de 1.8m),1 (si existe),1 (material que no resbale),1 (sin grietas o levantamientos),1 (no hay desniveles),0 (hay obstaculos),1 (no hay obstaculos),1 (no hay obstaculos),1 (una o mas bancas),0.5 (por lo menos la mitad de la acera tiene arboles),0.5 (la mitad tiene jardineras),1 (hay postes que miran a la acera en todo el tramo),1 (al menos un local o comercio),1 (no existe o uno ocupa menos del 30% del lote),1 (la mayoria es visible),13,,,,
738,,12/08/2022 13:51:17.217 CST,POINT Z (-99.13384136 19.42513380 0.000),19.43,-99.13,1 (mas de 1.8m),1 (si existe),1 (material que no resbale),0.5 (con grietas o levantamientos),0 (hay desniveles),1 (no hay obstaculos),1 (no hay obstaculos),1 (no hay obstaculos),0 (no hay bancas),0.5 (por lo menos la mitad de la acera tiene arboles),0 (menos de la mitad cuenta con jardineras),1 (hay postes que miran a la acera en todo el tramo),1 (al menos un local o comercio),0 (existe uno o mas que ocupan el 30% o mas),1 (la mayoria es visible),10,,,,
745,,12/09/2022 09:31:17.789 CST,POINT Z (-99.13293209 19.43102275 0.000),19.43,-99.13,0 (menos de 1.2 m),1 (si existe),1 (material que no resbale),1 (sin grietas o levantamientos),0 (hay desniveles),1 (no hay obstaculos),1 (no hay obstaculos),1 (no hay obstaculos),0 (no hay bancas),0 (menos de la mitad tiene arboles,0 (menos de la mitad cuenta con jardineras),1 (hay postes que miran a la acera en todo el tramo),1 (al menos un local o comercio),0 (existe uno o mas que ocupan el 30% o mas),1 (la mayoria es visible),9,,,,
746,,12/09/2022 09:31:18.714 CST,POINT Z (-99.13293645 19.43072618 0.000),19.43,-99.13,0.5 (1.2 m a 1.8m),1 (si existe),1 (material que no resbale),1 (sin grietas o levantamientos),1 (no hay desniveles),1 (no hay obstaculos),1 (no hay obstaculos),1 (no hay obstaculos),0 (no hay bancas),0 (menos de la mitad tiene arboles,0 (menos de la mitad cuenta con jardineras),1 (hay postes que miran a la acera en todo el tramo),1 (al menos un local o comercio),1 (no existe o uno ocupa menos del 30% del lote),1 (la mayoria es visible),11.5,,,,
747,,12/09/2022 09:31:20.892 CST,POINT Z (-99.13257033 19.43033664 0.000),19.43,-99.13,1 (mas de 1.8m),1 (si existe),1 (material que no resbale),1 (sin grietas o levantamientos),1 (no hay desniveles),1 (no hay obstaculos),1 (no hay obstaculos),1 (no hay obstaculos),0 (no hay bancas),1 (toda la acera tiene arboles),0.5 (la mitad tiene jardineras),1 (hay postes que miran a la acera en todo el tramo),1 (al menos un local o comercio),1 (no existe o uno ocupa menos del 30% del lote),1 (la mayoria es visible),13.5,,,,
748,,12/09/2022 09:31:22.113 CST,POINT Z (-99.13229674 19.43030755 0.000),19.43,-99.13,1 (mas de 1.8m),1 (si existe),1 (material que no resbale),1 (sin grietas o levantamientos),1 (no hay desniveles),1 (no hay obstaculos),1 (no hay obstaculos),1 (no hay obstaculos),1 (una o mas bancas),1 (toda la acera tiene arboles),0.5 (la mitad tiene jardineras),1 (hay postes que miran a la acera en todo el tramo),1 (al menos un local o comercio),1 (no existe o uno ocupa menos del 30% del lote),1 (la mayoria es visible),14.5,,,,
758,,12/09/2022 09:41:28.299 CST,POINT Z (-99.13257670 19.42968056 0.000),19.43,-99.13,0.5 (1.2 m a 1.8m),1 (si existe),1 (material que no resbale),1 (sin grietas o levantamientos),1 (no hay desniveles),1 (no hay obstaculos),1 (no hay obstaculos),1 (no hay obstaculos),0 (no hay bancas),1 (toda la acera tiene arboles),0 (menos de la mitad cuenta con jardineras),1 (hay postes que miran a la acera en todo el tramo),1 (al menos un local o comercio),1 (no existe o uno ocupa menos del 30% del lote),1 (la mayoria es visible),12.5,,,,
759,,12/09/2022 09:41:37.300 CST,POINT Z (-99.13244963 19.42946303 0.000),19.43,-99.13,1 (mas de 1.8m),1 (si existe),1 (material que no resbale),1 (sin grietas o levantamientos),1 (no hay desniveles),1 (no hay obstaculos),1 (no hay obstaculos),1 (no hay obstaculos),0 (no hay bancas),1 (toda la acera tiene arboles),0 (menos de la mitad cuenta con jardineras),1 (hay postes que miran a la acera en todo el tramo),1 (al menos un local o comercio),1 (no existe o uno ocupa menos del 30% del lote),1 (la mayoria es visible),13,,,,
760,,12/09/2022 09:41:38.989 CST,POINT Z (-99.13286436 19.42954714 0.000),19.43,-99.13,0 (menos de 1.2 m),1 (si existe),1 (material que no resbale),0 (superficie deteriorada),1 (no hay desniveles),1 (no hay obstaculos),1 (no hay obstaculos),1 (no hay obstaculos),0 (no hay bancas),0 (menos de la mitad tiene arboles,0 (menos de la mitad cuenta con jardineras),1 (hay postes que miran a la acera en todo el tramo),1 (al menos un local o comercio),0 (existe uno o mas que ocupan el 30% o mas),1 (la mayoria es visible),9,,,,
761,,12/09/2022 09:41:47.403 CST,POINT Z (-99.13318757 19.42937197 0.000),19.43,-99.13,0.5 (1.2 m a 1.8m),1 (si existe),1 (material que no resbale),1 (sin grietas o levantamientos),1 (no hay desniveles),1 (no hay obstaculos),1 (no hay obstaculos),1 (no hay obstaculos),0 (no hay bancas),0 (menos de la mitad tiene arboles,0 (menos de la mitad cuenta con jardineras),1 (hay postes que miran a la acera en todo el tramo),1 (al menos un local o comercio),1 (no existe o uno ocupa menos del 30% del lote),1 (la mayoria es visible),11.5,,,,
774,,12/09/2022 09:58:34.806 CST,POINT Z (-99.13255289 19.42855653 0.000),19.43,-99.13,1 (mas de 1.8m),1 (si existe),1 (material que no resbale),1 (sin grietas o levantamientos),1 (no hay desniveles),1 (no hay obstaculos),1 (no hay obstaculos),1 (no hay obstaculos),0 (no hay bancas),1 (toda la acera tiene arboles),0 (menos de la mitad cuenta con jardineras),1 (hay postes que miran a la acera en todo el tramo),1 (al menos un local o comercio),1 (no existe o uno ocupa menos del 30% del lote),1 (la mayoria es visible),13,,,,
775,,12/09/2022 09:58:41.061 CST,POINT Z (-99.13275473 19.42864222 0.000),19.43,-99.13,0.5 (1.2 m a 1.8m),1 (si existe),1 (material que no resbale),1 (sin grietas o levantamientos),1 (no hay desniveles),1 (no hay obstaculos),1 (no hay obstaculos),1 (no hay obstaculos),0 (no hay bancas),0.5 (por lo menos la mitad de la acera tiene arboles),0 (menos de la mitad cuenta con jardineras),1 (hay postes que miran a la acera en todo el tramo),1 (al menos un local o comercio),1 (no existe o uno ocupa menos del 30% del lote),1 (la mayoria es visible),12.5,,,,
776,,12/09/2022 09:58:49.656 CST,POINT Z (-99.13334213 19.42842595 0.000),19.43,-99.13,1 (mas de 1.8m),1 (si existe),1 (material que no resbale),1 (sin grietas o levantamientos),1 (no hay desniveles),1 (no hay obstaculos),1 (no hay obstaculos),1 (no hay obstaculos),0 (no hay bancas),1 (toda la acera tiene arboles),0 (menos de la mitad cuenta con jardineras),1 (hay postes que miran a la acera en todo el tramo),1 (al menos un local o comercio),1 (no existe o uno ocupa menos del 30% del lote),1 (la mayoria es visible),13,,,,
777,,12/09/2022 09:58:51.548 CST,POINT Z (-99.13327206 19.42813316 0.000),19.43,-99.13,0.5 (1.2 m a 1.8m),1 (si existe),1 (material que no resbale),1 (sin grietas o levantamientos),1 (no hay desniveles),1 (no hay obstaculos),1 (no hay obstaculos),1 (no hay obstaculos),0 (no hay bancas),0.5 (por lo menos la mitad de la acera tiene arboles),0 (menos de la mitad cuenta con jardineras),1 (hay postes que miran a la acera en todo el tramo),1 (al menos un local o comercio),1 (no existe o uno ocupa menos del 30% del lote),1 (la mayoria es visible),12,,,,
778,,12/09/2022 10:04:13.653 CST,POINT Z (-99.13408443 19.42794471 0.000),19.43,-99.13,1 (mas de 1.8m),1 (si existe),1 (material que no resbale),1 (sin grietas o levantamientos),1 (no hay desniveles),1 (no hay obstaculos),1 (no hay obstaculos),1 (no hay obstaculos),0 (no hay bancas),1 (toda la acera tiene arboles),1 (toda la acera tiene jardineras),1 (hay postes que miran a la acera en todo el tramo),1 (al menos un local o comercio),1 (no existe o uno ocupa menos del 30% del lote),1 (la mayoria es visible),14,,,,
779,,12/09/2022 10:04:14.443 CST,POINT Z (-99.13392551 19.42794693 0.000),19.43,-99.13,1 (mas de 1.8m),1 (si existe),1 (material que no resbale),1 (sin grietas o levantamientos),1 (no hay desniveles),1 (no hay obstaculos),1 (no hay obstaculos),1 (no hay obstaculos),0 (no hay bancas),1 (toda la acera tiene arboles),1 (toda la acera tiene jardineras),1 (hay postes que miran a la acera en todo el tramo),1 (al menos un local o comercio),1 (no existe o uno ocupa menos del 30% del lote),1 (la mayoria es visible),14,,,,
780,,12/09/2022 10:07:07.693 CST,POINT Z (-99.13427990 19.42718429 0.000),19.43,-99.13,1 (mas de 1.8m),1 (si existe),1 (material que no resbale),1 (sin grietas o levantamientos),1 (no hay desniveles),1 (no hay obstaculos),1 (no hay obstaculos),1 (no hay obstaculos),0 (no hay bancas),1 (toda la acera tiene arboles),1 (toda la acera tiene jardineras),1 (hay postes que miran a la acera en todo el tramo),1 (al menos un local o comercio),1 (no existe o uno ocupa menos del 30% del lote),1 (la mayoria es visible),14,,,,
781,,12/09/2022 10:07:11.383 CST,POINT Z (-99.13401168 19.42716373 0.000),19.43,-99.13,1 (mas de 1.8m),1 (si existe),1 (material que no resbale),1 (sin grietas o levantamientos),1 (no hay desniveles),1 (no hay obstaculos),1 (no hay obstaculos),1 (no hay obstaculos),0 (no hay bancas),1 (toda la acera tiene arboles),1 (toda la acera tiene jardineras),1 (hay postes que miran a la acera en todo el tramo),1 (al menos un local o comercio),1 (no existe o uno ocupa menos del 30% del lote),1 (la mayoria es visible),14,,,,
787,,12/09/2022 10:13:49.807 CST,POINT Z (-99.13433623 19.42634607 0.000),19.43,-99.13,1 (mas de 1.8m),1 (si existe),1 (material que no resbale),1 (sin grietas o levantamientos),1 (no hay desniveles),1 (no hay obstaculos),1 (no hay obstaculos),1 (no hay obstaculos),0 (no hay bancas),1 (toda la acera tiene arboles),0 (menos de la mitad cuenta con jardineras),1 (hay postes que miran a la acera en todo el tramo),1 (al menos un local o comercio),1 (no existe o uno ocupa menos del 30% del lote),1 (la mayoria es visible),13,,,,
788,,12/09/2022 10:20:24.895 CST,POINT Z (-99.13371328 19.42582088 0.000),19.43,-99.13,1 (mas de 1.8m),1 (si existe),1 (material que no resbale),1 (sin grietas o levantamientos),1 (no hay desniveles),1 (no hay obstaculos),1 (no hay obstaculos),1 (no hay obstaculos),0 (no hay bancas),0.5 (por lo menos la mitad de la acera tiene arboles),0 (menos de la mitad cuenta con jardineras),1 (hay postes que miran a la acera en todo el tramo),1 (al menos un local o comercio),1 (no existe o uno ocupa menos del 30% del lote),1 (la mayoria es visible),12.5,,,,
789,,12/09/2022 10:20:27.411 CST,POINT Z (-99.13327474 19.42557077 0.000),19.43,-99.13,1 (mas de 1.8m),1 (si existe),1 (material que no resbale),1 (sin grietas o levantamientos),1 (no hay desniveles),1 (no hay obstaculos),1 (no hay obstaculos),1 (no hay obstaculos),0 (no hay bancas),0.5 (por lo menos la mitad de la acera tiene arboles),0 (menos de la mitad cuenta con jardineras),1 (hay postes que miran a la acera en todo el tramo),1 (al menos un local o comercio),1 (no existe o uno ocupa menos del 30% del lote),1 (la mayoria es visible),12.5,,,,
795,,12/09/2022 10:33:58.452 CST,POINT Z (-99.13186289 19.42411313 0.000),19.42,-99.13,1 (mas de 1.8m),1 (si existe),1 (material que no resbale),1 (sin grietas o levantamientos),0 (hay desniveles),1 (no hay obstaculos),1 (no hay obstaculos),1 (no hay obstaculos),1 (una o mas bancas),0 (menos de la mitad tiene arboles,0 (menos de la mitad cuenta con jardineras),1 (hay postes que miran a la acera en todo el tramo),0 (no existen locales),0 (existe uno o mas que ocupan el 30% o mas),0 (menos de la mitad son visibles),9,,,,
796,,12/09/2022 10:33:59.734 CST,POINT Z (-99.13157187 19.42404357 0.000),19.42,-99.13,0.5 (1.2 m a 1.8m),1 (si existe),1 (material que no resbale),1 (sin grietas o levantamientos),0 (hay desniveles),1 (no hay obstaculos),1 (no hay obstaculos),1 (no hay obstaculos),0 (no hay bancas),0 (menos de la mitad tiene arboles,0 (menos de la mitad cuenta con jardineras),1 (hay postes que miran a la acera en todo el tramo),0 (no existen locales),1 (no existe o uno ocupa menos del 30% del lote),0 (menos de la mitad son visibles),8.5,,,,
809,,12/09/2022 10:46:17.723 CST,POINT Z (-99.13062572 19.42455074 0.000),19.42,-99.13,1 (mas de 1.8m),1 (si existe),1 (material que no resbale),0.5 (con grietas o levantamientos),1 (no hay desniveles),0 (hay obstaculos),1 (no hay obstaculos),1 (no hay obstaculos),0 (no hay bancas),0.5 (por lo menos la mitad de la acera tiene arboles),0 (menos de la mitad cuenta con jardineras),1 (hay postes que miran a la acera en todo el tramo),1 (al menos un local o comercio),0 (existe uno o mas que ocupan el 30% o mas),1 (la mayoria es visible),10,,,,
827,,12/09/2022 11:04:43.988 CST,POINT Z (-99.12983481 19.42600048 0.000),19.43,-99.13,0.5 (1.2 m a 1.8m),1 (si existe),1 (material que no resbale),0.5 (con grietas o levantamientos),0 (hay desniveles),0 (hay obstaculos),1 (no hay obstaculos),1 (no hay obstaculos),0 (no hay bancas),0 (menos de la mitad tiene arboles,0.5 (la mitad tiene jardineras),1 (hay postes que miran a la acera en todo el tramo),1 (al menos un local o comercio),0 (existe uno o mas que ocupan el 30% o mas),1 (la mayoria es visible),8.5,,,,
828,,12/09/2022 11:04:46.521 CST,POINT Z (-99.12930943 19.42451311 0.000),19.42,-99.13,0.5 (1.2 m a 1.8m),1 (si existe),1 (material que no resbale),0.5 (con grietas o levantamientos),0 (hay desniveles),0 (hay obstaculos),1 (no hay obstaculos),1 (no hay obstaculos),0 (no hay bancas),0 (menos de la mitad tiene arboles,0 (menos de la mitad cuenta con jardineras),1 (hay postes que miran a la acera en todo el tramo),1 (al menos un local o comercio),0 (existe uno o mas que ocupan el 30% o mas),1 (la mayoria es visible),8,,,,
829,,12/09/2022 11:06:01.426 CST,POINT Z (-99.12895203 19.42448814 0.000),19.42,-99.13,0.5 (1.2 m a 1.8m),1 (si existe),1 (material que no resbale),0.5 (con grietas o levantamientos),0 (hay desniveles),0 (hay obstaculos),1 (no hay obstaculos),1 (no hay obstaculos),0 (no hay bancas),0 (menos de la mitad tiene arboles,0 (menos de la mitad cuenta con jardineras),1 (hay postes que miran a la acera en todo el tramo),1 (al menos un local o comercio),0 (existe uno o mas que ocupan el 30% o mas),0 (menos de la mitad son visibles),7,,,,
1291,,12/13/2022 15:39:30.926 CST,POINT Z (-99.13579300 19.42968752 0.000),19.43,-99.14,1 (mas de 1.8m),1 (si existe),1 (material que no resbale),1 (sin grietas o levantamientos),0 (hay desniveles),0 (hay obstaculos),1 (no hay obstaculos),1 (no hay obstaculos),0 (no hay bancas),0 (menos de la mitad tiene arboles,0 (menos de la mitad cuenta con jardineras),1 (hay postes que miran a la acera en todo el tramo),1 (al menos un local o comercio),0 (existe uno o mas que ocupan el 30% o mas),1 (la mayoria es visible),9,,,,
1292,,12/13/2022 15:39:31.883 CST,POINT Z (-99.13569812 19.42938209 0.000),19.43,-99.14,1 (mas de 1.8m),1 (si existe),1 (material que no resbale),1 (sin grietas o levantamientos),0 (hay desniveles),0 (hay obstaculos),1 (no hay obstaculos),1 (no hay obstaculos),0 (no hay bancas),0 (menos de la mitad tiene arboles,0 (menos de la mitad cuenta con jardineras),1 (hay postes que miran a la acera en todo el tramo),1 (al menos un local o comercio),1 (no existe o uno ocupa menos del 30% del lote),1 (la mayoria es visible),10,,,,
1301,,12/13/2022 15:48:13.488 CST,POINT Z (-99.13495984 19.42892710 0.000),19.43,-99.13,1 (mas de 1.8m),1 (si existe),1 (material que no resbale),1 (sin grietas o levantamientos),1 (no hay desniveles),1 (no hay obstaculos),1 (no hay obstaculos),1 (no hay obstaculos),0 (no hay bancas),0.5 (por lo menos la mitad de la acera tiene arboles),0 (menos de la mitad cuenta con jardineras),1 (hay postes que miran a la acera en todo el tramo),1 (al menos un local o comercio),1 (no existe o uno ocupa menos del 30% del lote),1 (la mayoria es visible),12.5,,,,
1302,,12/13/2022 15:48:15.149 CST,POINT Z (-99.13474359 19.42889801 0.000),19.43,-99.13,1 (mas de 1.8m),1 (si existe),1 (material que no resbale),1 (sin grietas o levantamientos),1 (no hay desniveles),1 (no hay obstaculos),1 (no hay obstaculos),1 (no hay obstaculos),0 (no hay bancas),0.5 (por lo menos la mitad de la acera tiene arboles),0 (menos de la mitad cuenta con jardineras),1 (hay postes que miran a la acera en todo el tramo),1 (al menos un local o comercio),1 (no existe o uno ocupa menos del 30% del lote),1 (la mayoria es visible),12.5,,,,
1304,,12/13/2022 15:51:38.498 CST,POINT Z (-99.13509127 19.42804400 0.000),19.43,-99.14,1 (mas de 1.8m),1 (si existe),1 (material que no resbale),1 (sin grietas o levantamientos),1 (no hay desniveles),1 (no hay obstaculos),1 (no hay obstaculos),0 (hay obstaculos),0 (no hay bancas),0.5 (por lo menos la mitad de la acera tiene arboles),0 (menos de la mitad cuenta con jardineras),1 (hay postes que miran a la acera en todo el tramo),1 (al menos un local o comercio),1 (no existe o uno ocupa menos del 30% del lote),1 (la mayoria es visible),11.5,,,,
1305,,12/13/2022 15:51:39.351 CST,POINT Z (-99.13494743 19.42807846 0.000),19.43,-99.13,1 (mas de 1.8m),1 (si existe),1 (material que no resbale),1 (sin grietas o levantamientos),1 (no hay desniveles),1 (no hay obstaculos),1 (no hay obstaculos),1 (no hay obstaculos),0 (no hay bancas),0.5 (por lo menos la mitad de la acera tiene arboles),0 (menos de la mitad cuenta con jardineras),1 (hay postes que miran a la acera en todo el tramo),1 (al menos un local o comercio),1 (no existe o uno ocupa menos del 30% del lote),1 (la mayoria es visible),12.5,,,,
1307,,12/13/2022 15:55:26.227 CST,POINT Z (-99.13518380 19.42725258 0.000),19.43,-99.14,1 (mas de 1.8m),1 (si existe),1 (material que no resbale),0.5 (con grietas o levantamientos),0 (hay desniveles),1 (no hay obstaculos),1 (no hay obstaculos),1 (no hay obstaculos),1 (una o mas bancas),0.5 (por lo menos la mitad de la acera tiene arboles),0 (menos de la mitad cuenta con jardineras),1 (hay postes que miran a la acera en todo el tramo),1 (al menos un local o comercio),0 (existe uno o mas que ocupan el 30% o mas),1 (la mayoria es visible),11,,,,
1308,,12/13/2022 15:55:27.674 CST,POINT Z (-99.13500510 19.42735060 0.000),19.43,-99.14,1 (mas de 1.8m),1 (si existe),1 (material que no resbale),1 (sin grietas o levantamientos),0 (hay desniveles),1 (no hay obstaculos),1 (no hay obstaculos),1 (no hay obstaculos),1 (una o mas bancas),0.5 (por lo menos la mitad de la acera tiene arboles),0 (menos de la mitad cuenta con jardineras),1 (hay postes que miran a la acera en todo el tramo),1 (al menos un local o comercio),0 (existe uno o mas que ocupan el 30% o mas),1 (la mayoria es visible),11.5,,,,
1313,,12/13/2022 16:01:35.090 CST,POINT Z (-99.13467351 19.42667080 0.000),19.43,-99.13,0.5 (1.2 m a 1.8m),1 (si existe),1 (material que no resbale),1 (sin grietas o levantamientos),0 (hay desniveles),0 (hay obstaculos),1 (no hay obstaculos),1 (no hay obstaculos),0 (no hay bancas),1 (toda la acera tiene arboles),0 (menos de la mitad cuenta con jardineras),1 (hay postes que miran a la acera en todo el tramo),1 (al menos un local o comercio),1 (no existe o uno ocupa menos del 30% del lote),1 (la mayoria es visible),10.5,,,,
1314,,12/13/2022 16:01:35.905 CST,POINT Z (-99.13463630 19.42686810 0.000),19.43,-99.13,0.5 (1.2 m a 1.8m),1 (si existe),1 (material que no resbale),1 (sin grietas o levantamientos),1 (no hay desniveles),1 (no hay obstaculos),1 (no hay obstaculos),1 (no hay obstaculos),0 (no hay bancas),1 (toda la acera tiene arboles),0 (menos de la mitad cuenta con jardineras),1 (hay postes que miran a la acera en todo el tramo),1 (al menos un local o comercio),1 (no existe o uno ocupa menos del 30% del lote),1 (la mayoria es visible),12.5,,,,
1316,,12/13/2022 16:02:50.319 CST,POINT Z (-99.13360633 19.42675364 0.000),19.43,-99.13,0.5 (1.2 m a 1.8m),1 (si existe),1 (material que no resbale),1 (sin grietas o levantamientos),0 (hay desniveles),1 (no hay obstaculos),1 (no hay obstaculos),1 (no hay obstaculos),0 (no hay bancas),0 (menos de la mitad tiene arboles,0 (menos de la mitad cuenta con jardineras),1 (hay postes que miran a la acera en todo el tramo),1 (al menos un local o comercio),0 (existe uno o mas que ocupan el 30% o mas),1 (la mayoria es visible),9.5,,,,
1317,,12/13/2022 16:09:14.304 CST,POINT Z (-99.13476236 19.42627398 0.000),19.43,-99.13,1 (mas de 1.8m),1 (si existe),1 (material que no resbale),1 (sin grietas o levantamientos),1 (no hay desniveles),1 (no hay obstaculos),1 (no hay obstaculos),1 (no hay obstaculos),0 (no hay bancas),0 (menos de la mitad tiene arboles,0 (menos de la mitad cuenta con jardineras),1 (hay postes que miran a la acera en todo el tramo),1 (al menos un local o comercio),1 (no existe o uno ocupa menos del 30% del lote),1 (la mayoria es visible),12,,,,
1318,,12/13/2022 16:09:15.353 CST,POINT Z (-99.13474359 19.42588570 0.000),19.43,-99.13,0.5 (1.2 m a 1.8m),1 (si existe),1 (material que no resbale),1 (sin grietas o levantamientos),1 (no hay desniveles),0 (hay obstaculos),1 (no hay obstaculos),1 (no hay obstaculos),0 (no hay bancas),0 (menos de la mitad tiene arboles,0 (menos de la mitad cuenta con jardineras),1 (hay postes que miran a la acera en todo el tramo),1 (al menos un local o comercio),1 (no existe o uno ocupa menos del 30% del lote),1 (la mayoria es visible),10.5,,,,
1319,,12/13/2022 16:09:16.782 CST,POINT Z (-99.13536418 19.42648519 0.000),19.43,-99.14,1 (mas de 1.8m),1 (si existe),1 (material que no resbale),1 (sin grietas o levantamientos),1 (no hay desniveles),1 (no hay obstaculos),1 (no hay obstaculos),1 (no hay obstaculos),0 (no hay bancas),0 (menos de la mitad tiene arboles,0 (menos de la mitad cuenta con jardineras),1 (hay postes que miran a la acera en todo el tramo),0 (no existen locales),1 (no existe o uno ocupa menos del 30% del lote),0 (menos de la mitad son visibles),10,,,,
1320,,12/13/2022 16:09:17.253 CST,POINT Z (-99.13511541 19.42648899 0.000),19.43,-99.14,1 (mas de 1.8m),1 (si existe),1 (material que no resbale),1 (sin grietas o levantamientos),0 (hay desniveles),1 (no hay obstaculos),1 (no hay obstaculos),1 (no hay obstaculos),0 (no hay bancas),0 (menos de la mitad tiene arboles,0 (menos de la mitad cuenta con jardineras),1 (hay postes que miran a la acera en todo el tramo),1 (al menos un local o comercio),1 (no existe o uno ocupa menos del 30% del lote),1 (la mayoria es visible),11,,,,
1333,,12/13/2022 16:26:48.341 CST,POINT Z (-99.13709588 19.42767690 0.000),19.43,-99.14,1 (mas de 1.8m),1 (si existe),1 (material que no resbale),1 (sin grietas o levantamientos),0 (hay desniveles),1 (no hay obstaculos),1 (no hay obstaculos),1 (no hay obstaculos),0 (no hay bancas),1 (toda la acera tiene arboles),0 (menos de la mitad cuenta con jardineras),1 (hay postes que miran a la acera en todo el tramo),1 (al menos un local o comercio),0 (existe uno o mas que ocupan el 30% o mas),1 (la mayoria es visible),11,,,,
1334,,12/13/2022 16:26:48.970 CST,POINT Z (-99.13720317 19.42767627 0.000),19.43,-99.14,1 (mas de 1.8m),1 (si existe),1 (material que no resbale),1 (sin grietas o levantamientos),1 (no hay desniveles),1 (no hay obstaculos),1 (no hay obstaculos),1 (no hay obstaculos),0 (no hay bancas),1 (toda la acera tiene arboles),0 (menos de la mitad cuenta con jardineras),1 (hay postes que miran a la acera en todo el tramo),1 (al menos un local o comercio),1 (no existe o uno ocupa menos del 30% del lote),1 (la mayoria es visible),13,,,,
1336,,12/13/2022 16:28:59.945 CST,POINT Z (-99.13699999 19.42830169 0.000),19.43,-99.14,1 (mas de 1.8m),1 (si existe),1 (material que no resbale),1 (sin grietas o levantamientos),1 (no hay desniveles),1 (no hay obstaculos),1 (no hay obstaculos),1 (no hay obstaculos),0 (no hay bancas),1 (toda la acera tiene arboles),0 (menos de la mitad cuenta con jardineras),1 (hay postes que miran a la acera en todo el tramo),1 (al menos un local o comercio),1 (no existe o uno ocupa menos del 30% del lote),1 (la mayoria es visible),13,,,,
1337,,12/13/2022 16:29:02.586 CST,POINT Z (-99.13710728 19.42834058 0.000),19.43,-99.14,1 (mas de 1.8m),1 (si existe),1 (material que no resbale),1 (sin grietas o levantamientos),0 (hay desniveles),1 (no hay obstaculos),1 (no hay obstaculos),1 (no hay obstaculos),0 (no hay bancas),1 (toda la acera tiene arboles),0 (menos de la mitad cuenta con jardineras),1 (hay postes que miran a la acera en todo el tramo),1 (al menos un local o comercio),0 (existe uno o mas que ocupan el 30% o mas),1 (la mayoria es visible),11,,,,
1338,,12/13/2022 16:31:36.737 CST,POINT Z (-99.13680051 19.42912187 0.000),19.43,-99.14,1 (mas de 1.8m),1 (si existe),1 (material que no resbale),1 (sin grietas o levantamientos),0 (hay desniveles),1 (no hay obstaculos),1 (no hay obstaculos),1 (no hay obstaculos),0 (no hay bancas),1 (toda la acera tiene arboles),0 (menos de la mitad cuenta con jardineras),1 (hay postes que miran a la acera en todo el tramo),1 (al menos un local o comercio),1 (no existe o uno ocupa menos del 30% del lote),1 (la mayoria es visible),12,,,,
1339,,12/13/2022 16:31:38.084 CST,POINT Z (-99.13706135 19.42926889 0.000),19.43,-99.14,1 (mas de 1.8m),1 (si existe),1 (material que no resbale),1 (sin grietas o levantamientos),0 (hay desniveles),0 (hay obstaculos),1 (no hay obstaculos),1 (no hay obstaculos),0 (no hay bancas),1 (toda la acera tiene arboles),0 (menos de la mitad cuenta con jardineras),1 (hay postes que miran a la acera en todo el tramo),1 (al menos un local o comercio),0 (existe uno o mas que ocupan el 30% o mas),1 (la mayoria es visible),10,,,,
1349,,12/13/2022 16:46:47.590 CST,POINT Z (-99.13913302 19.42770631 0.000),19.43,-99.14,1 (mas de 1.8m),1 (si existe),1 (material que no resbale),0.5 (con grietas o levantamientos),1 (no hay desniveles),1 (no hay obstaculos),1 (no hay obstaculos),1 (no hay obstaculos),0 (no hay bancas),1 (toda la acera tiene arboles),0 (menos de la mitad cuenta con jardineras),1 (hay postes que miran a la acera en todo el tramo),1 (al menos un local o comercio),1 (no existe o uno ocupa menos del 30% del lote),0.5 (mas de la mitad son visibles),12,,,,
1350,,12/13/2022 16:46:48.717 CST,POINT Z (-99.13934357 19.42771674 0.000),19.43,-99.14,1 (mas de 1.8m),1 (si existe),1 (material que no resbale),1 (sin grietas o levantamientos),0 (hay desniveles),1 (no hay obstaculos),1 (no hay obstaculos),1 (no hay obstaculos),0 (no hay bancas),1 (toda la acera tiene arboles),0 (menos de la mitad cuenta con jardineras),1 (hay postes que miran a la acera en todo el tramo),1 (al menos un local o comercio),0 (existe uno o mas que ocupan el 30% o mas),1 (la mayoria es visible),11,,,,
1353,,12/13/2022 16:52:24.747 CST,POINT Z (-99.13948439 19.42727598 0.000),19.43,-99.14,0 (menos de 1.2 m),1 (si existe),1 (material que no resbale),1 (sin grietas o levantamientos),1 (no hay desniveles),1 (no hay obstaculos),1 (no hay obstaculos),1 (no hay obstaculos),0 (no hay bancas),0 (menos de la mitad tiene arboles,0 (menos de la mitad cuenta con jardineras),1 (hay postes que miran a la acera en todo el tramo),0 (no existen locales),0 (existe uno o mas que ocupan el 30% o mas),0 (menos de la mitad son visibles),8,,,,
1354,,12/13/2022 16:52:25.444 CST,POINT Z (-99.13950317 19.42721369 0.000),19.43,-99.14,0 (menos de 1.2 m),1 (si existe),1 (material que no resbale),1 (sin grietas o levantamientos),1 (no hay desniveles),1 (no hay obstaculos),1 (no hay obstaculos),1 (no hay obstaculos),0 (no hay bancas),0 (menos de la mitad tiene arboles,0 (menos de la mitad cuenta con jardineras),1 (hay postes que miran a la acera en todo el tramo),0 (no existen locales),0 (existe uno o mas que ocupan el 30% o mas),0 (menos de la mitad son visibles),8,,,,
1355,,12/13/2022 16:53:19.439 CST,POINT Z (-99.13824119 19.42745115 0.000),19.43,-99.14,0 (menos de 1.2 m),1 (si existe),1 (material que no resbale),1 (sin grietas o levantamientos),0 (hay desniveles),1 (no hay obstaculos),0 (hay obstaculos),1 (no hay obstaculos),0 (no hay bancas),1 (toda la acera tiene arboles),0 (menos de la mitad cuenta con jardineras),1 (hay postes que miran a la acera en todo el tramo),1 (al menos un local o comercio),0 (existe uno o mas que ocupan el 30% o mas),1 (la mayoria es visible),9,,,,
1356,,12/13/2022 16:53:21.099 CST,POINT Z (-99.13836725 19.42696801 0.000),19.43,-99.14,0 (menos de 1.2 m),1 (si existe),1 (material que no resbale),1 (sin grietas o levantamientos),0 (hay desniveles),1 (no hay obstaculos),1 (no hay obstaculos),1 (no hay obstaculos),0 (no hay bancas),1 (toda la acera tiene arboles),0 (menos de la mitad cuenta con jardineras),1 (hay postes que miran a la acera en todo el tramo),1 (al menos un local o comercio),0 (existe uno o mas que ocupan el 30% o mas),1 (la mayoria es visible),10,,,,
1371,,12/13/2022 17:07:23.578 CST,POINT Z (-99.14236240 19.42505064 0.000),19.43,-99.14,1 (mas de 1.8m),1 (si existe),1 (material que no resbale),1 (sin grietas o levantamientos),1 (no hay desniveles),1 (no hay obstaculos),1 (no hay obstaculos),1 (no hay obstaculos),0 (no hay bancas),1 (toda la acera tiene arboles),0 (menos de la mitad cuenta con jardineras),1 (hay postes que miran a la acera en todo el tramo),1 (al menos un local o comercio),0 (existe uno o mas que ocupan el 30% o mas),1 (la mayoria es visible),12,,,,
1372,,12/13/2022 17:07:24.929 CST,POINT Z (-99.14221153 19.42568871 0.000),19.43,-99.14,1 (mas de 1.8m),1 (si existe),1 (material que no resbale),1 (sin grietas o levantamientos),1 (no hay desniveles),1 (no hay obstaculos),1 (no hay obstaculos),1 (no hay obstaculos),0 (no hay bancas),1 (toda la acera tiene arboles),0 (menos de la mitad cuenta con jardineras),1 (hay postes que miran a la acera en todo el tramo),1 (al menos un local o comercio),1 (no existe o uno ocupa menos del 30% del lote),0 (menos de la mitad son visibles),12,,,,
1377,,12/13/2022 17:16:15.306 CST,POINT Z (-99.13976837 19.42506550 0.000),19.43,-99.14,0.5 (1.2 m a 1.8m),1 (si existe),1 (material que no resbale),0.5 (con grietas o levantamientos),1 (no hay desniveles),0 (hay obstaculos),1 (no hay obstaculos),1 (no hay obstaculos),0 (no hay bancas),1 (toda la acera tiene arboles),0 (menos de la mitad cuenta con jardineras),1 (hay postes que miran a la acera en todo el tramo),1 (al menos un local o comercio),1 (no existe o uno ocupa menos del 30% del lote),1 (la mayoria es visible),11.5,,,,
1424,,12/14/2022 11:04:01.360 CST,POINT Z (-99.13446430 19.42549647 0.000),19.43,-99.13,1 (mas de 1.8m),1 (si existe),1 (material que no resbale),1 (sin grietas o levantamientos),1 (no hay desniveles),1 (no hay obstaculos),1 (no hay obstaculos),1 (no hay obstaculos),0 (no hay bancas),1 (toda la acera tiene arboles),0 (menos de la mitad cuenta con jardineras),1 (hay postes que miran a la acera en todo el tramo),1 (al menos un local o comercio),1 (no existe o uno ocupa menos del 30% del lote),1 (la mayoria es visible),13,,,,
1425,,12/14/2022 11:04:01.953 CST,POINT Z (-99.13422659 19.42552366 0.000),19.43,-99.13,1 (mas de 1.8m),1 (si existe),1 (material que no resbale),1 (sin grietas o levantamientos),1 (no hay desniveles),1 (no hay obstaculos),1 (no hay obstaculos),1 (no hay obstaculos),0 (no hay bancas),1 (toda la acera tiene arboles),0 (menos de la mitad cuenta con jardineras),1 (hay postes que miran a la acera en todo el tramo),1 (al menos un local o comercio),1 (no existe o uno ocupa menos del 30% del lote),1 (la mayoria es visible),13,,,,
1434,,12/14/2022 11:20:57.981 CST,POINT Z (-99.13635526 19.42638718 0.000),19.43,-99.14,0.5 (1.2 m a 1.8m),1 (si existe),1 (material que no resbale),1 (sin grietas o levantamientos),1 (no hay desniveles),1 (no hay obstaculos),1 (no hay obstaculos),1 (no hay obstaculos),0 (no hay bancas),1 (toda la acera tiene arboles),0 (menos de la mitad cuenta con jardineras),1 (hay postes que miran a la acera en todo el tramo),0 (no existen locales),1 (no existe o uno ocupa menos del 30% del lote),0 (menos de la mitad son visibles),9.5,,,,
1435,,12/14/2022 11:20:58.914 CST,POINT Z (-99.13627144 19.42601597 0.000),19.43,-99.14,0.5 (1.2 m a 1.8m),1 (si existe),1 (material que no resbale),0.5 (con grietas o levantamientos),0 (hay desniveles),0 (hay obstaculos),1 (no hay obstaculos),1 (no hay obstaculos),0 (no hay bancas),1 (toda la acera tiene arboles),0 (menos de la mitad cuenta con jardineras),1 (hay postes que miran a la acera en todo el tramo),1 (al menos un local o comercio),0 (existe uno o mas que ocupan el 30% o mas),1 (la mayoria es visible),9,,,,
1442,,12/14/2022 11:33:10.005 CST,POINT Z (-99.13746201 19.42580159 0.000),19.43,-99.14,0 (menos de 1.2 m),1 (si existe),1 (material que no resbale),0.5 (con grietas o levantamientos),0 (hay desniveles),0 (hay obstaculos),1 (no hay obstaculos),1 (no hay obstaculos),0 (no hay bancas),0 (menos de la mitad tiene arboles,0 (menos de la mitad cuenta con jardineras),1 (hay postes que miran a la acera en todo el tramo),1 (al menos un local o comercio),0 (existe uno o mas que ocupan el 30% o mas),1 (la mayoria es visible),7.5,,,,
1443,,12/14/2022 11:33:11.057 CST,POINT Z (-99.13732488 19.42583827 0.000),19.43,-99.14,0.5 (1.2 m a 1.8m),1 (si existe),1 (material que no resbale),0.5 (con grietas o levantamientos),0 (hay desniveles),0 (hay obstaculos),1 (no hay obstaculos),1 (no hay obstaculos),1 (una o mas bancas),0.5 (por lo menos la mitad de la acera tiene arboles),0.5 (la mitad tiene jardineras),1 (hay postes que miran a la acera en todo el tramo),1 (al menos un local o comercio),0 (existe uno o mas que ocupan el 30% o mas),1 (la mayoria es visible),10,,,,
1449,,12/14/2022 11:43:45.165 CST,POINT Z (-99.13721357 19.42671348 0.000),19.43,-99.14,1 (mas de 1.8m),1 (si existe),1 (material que no resbale),1 (sin grietas o levantamientos),1 (no hay desniveles),0 (hay obstaculos),1 (no hay obstaculos),1 (no hay obstaculos),0 (no hay bancas),0.5 (por lo menos la mitad de la acera tiene arboles),0 (menos de la mitad cuenta con jardineras),1 (hay postes que miran a la acera en todo el tramo),1 (al menos un local o comercio),1 (no existe o uno ocupa menos del 30% del lote),1 (la mayoria es visible),11.5,,,,
1450,,12/14/2022 11:43:46.040 CST,POINT Z (-99.13733091 19.42671791 0.000),19.43,-99.14,1 (mas de 1.8m),1 (si existe),1 (material que no resbale),1 (sin grietas o levantamientos),1 (no hay desniveles),1 (no hay obstaculos),1 (no hay obstaculos),1 (no hay obstaculos),0 (no hay bancas),0.5 (por lo menos la mitad de la acera tiene arboles),0 (menos de la mitad cuenta con jardineras),1 (hay postes que miran a la acera en todo el tramo),1 (al menos un local o comercio),1 (no existe o uno ocupa menos del 30% del lote),1 (la mayoria es visible),12.5,,,,
1451,,12/14/2022 11:43:52.735 CST,POINT Z (-99.13807690 19.42623193 0.000),19.43,-99.14,0.5 (1.2 m a 1.8m),1 (si existe),1 (material que no resbale),0.5 (con grietas o levantamientos),0 (hay desniveles),1 (no hay obstaculos),1 (no hay obstaculos),1 (no hay obstaculos),0 (no hay bancas),0.5 (por lo menos la mitad de la acera tiene arboles),0 (menos de la mitad cuenta con jardineras),1 (hay postes que miran a la acera en todo el tramo),1 (al menos un local o comercio),1 (no existe o uno ocupa menos del 30% del lote),1 (la mayoria es visible),10.5,,,,
1452,,12/14/2022 11:43:53.961 CST,POINT Z (-99.13813490 19.42667902 0.000),19.43,-99.14,1 (mas de 1.8m),1 (si existe),1 (material que no resbale),0.5 (con grietas o levantamientos),1 (no hay desniveles),1 (no hay obstaculos),1 (no hay obstaculos),1 (no hay obstaculos),1 (una o mas bancas),0.5 (por lo menos la mitad de la acera tiene arboles),0.5 (la mitad tiene jardineras),1 (hay postes que miran a la acera en todo el tramo),1 (al menos un local o comercio),1 (no existe o uno ocupa menos del 30% del lote),1 (la mayoria es visible),13.5,,,,
1455,,12/14/2022 11:49:32.341 CST,POINT Z (-99.13922556 19.42687600 0.000),19.43,-99.14,0.5 (1.2 m a 1.8m),1 (si existe),1 (material que no resbale),1 (sin grietas o levantamientos),0 (hay desniveles),1 (no hay obstaculos),1 (no hay obstaculos),1 (no hay obstaculos),0 (no hay bancas),1 (toda la acera tiene arboles),0 (menos de la mitad cuenta con jardineras),1 (hay postes que miran a la acera en todo el tramo),1 (al menos un local o comercio),1 (no existe o uno ocupa menos del 30% del lote),1 (la mayoria es visible),11.5,,,,
1456,,12/14/2022 11:49:36.002 CST,POINT Z (-99.13942572 19.42689371 0.000),19.43,-99.14,0.5 (1.2 m a 1.8m),1 (si existe),1 (material que no resbale),1 (sin grietas o levantamientos),0 (hay desniveles),1 (no hay obstaculos),1 (no hay obstaculos),1 (no hay obstaculos),0 (no hay bancas),1 (toda la acera tiene arboles),0 (menos de la mitad cuenta con jardineras),1 (hay postes que miran a la acera en todo el tramo),1 (al menos un local o comercio),0 (existe uno o mas que ocupan el 30% o mas),1 (la mayoria es visible),10.5,,,,
1459,,12/14/2022 11:56:58.445 CST,POINT Z (-99.13911458 19.42639287 0.000),19.43,-99.14,1 (mas de 1.8m),1 (si existe),1 (material que no resbale),0.5 (con grietas o levantamientos),1 (no hay desniveles),1 (no hay obstaculos),1 (no hay obstaculos),1 (no hay obstaculos),0 (no hay bancas),0 (menos de la mitad tiene arboles,0 (menos de la mitad cuenta con jardineras),1 (hay postes que miran a la acera en todo el tramo),1 (al menos un local o comercio),1 (no existe o uno ocupa menos del 30% del lote),1 (la mayoria es visible),11.5,,,,
1467,,12/14/2022 12:03:52.094 CST,POINT Z (-99.13904652 19.42590435 0.000),19.43,-99.14,0.5 (1.2 m a 1.8m),1 (si existe),1 (material que no resbale),0.5 (con grietas o levantamientos),0 (hay desniveles),0 (hay obstaculos),1 (no hay obstaculos),1 (no hay obstaculos),0 (no hay bancas),0 (menos de la mitad tiene arboles,0 (menos de la mitad cuenta con jardineras),1 (hay postes que miran a la acera en todo el tramo),1 (al menos un local o comercio),0 (existe uno o mas que ocupan el 30% o mas),1 (la mayoria es visible),8,,,,
1468,,12/14/2022 12:03:54.510 CST,POINT Z (-99.13862173 19.42598562 0.000),19.43,-99.14,0 (menos de 1.2 m),1 (si existe),1 (material que no resbale),0.5 (con grietas o levantamientos),0 (hay desniveles),0 (hay obstaculos),1 (no hay obstaculos),1 (no hay obstaculos),0 (no hay bancas),0 (menos de la mitad tiene arboles,0 (menos de la mitad cuenta con jardineras),1 (hay postes que miran a la acera en todo el tramo),1 (al menos un local o comercio),0 (existe uno o mas que ocupan el 30% o mas),0 (menos de la mitad son visibles),6.5,,,,
1471,,12/14/2022 12:15:42.634 CST,POINT Z (-99.13934860 19.42603684 0.000),19.43,-99.14,0.5 (1.2 m a 1.8m),1 (si existe),1 (material que no resbale),0.5 (con grietas o levantamientos),0 (hay desniveles),1 (no hay obstaculos),1 (no hay obstaculos),1 (no hay obstaculos),0 (no hay bancas),0.5 (por lo menos la mitad de la acera tiene arboles),0 (menos de la mitad cuenta con jardineras),1 (hay postes que miran a la acera en todo el tramo),1 (al menos un local o comercio),0 (existe uno o mas que ocupan el 30% o mas),1 (la mayoria es visible),9.5,,,,
1472,,12/14/2022 12:15:43.469 CST,POINT Z (-99.13960844 19.42605929 0.000),19.43,-99.14,0.5 (1.2 m a 1.8m),1 (si existe),1 (material que no resbale),0.5 (con grietas o levantamientos),0 (hay desniveles),0 (hay obstaculos),1 (no hay obstaculos),1 (no hay obstaculos),0 (no hay bancas),0.5 (por lo menos la mitad de la acera tiene arboles),0 (menos de la mitad cuenta con jardineras),1 (hay postes que miran a la acera en todo el tramo),1 (al menos un local o comercio),0 (existe uno o mas que ocupan el 30% o mas),1 (la mayoria es visible),8.5,,,,
1473,,12/14/2022 12:17:09.877 CST,POINT Z (-99.13983844 19.42631698 0.000),19.43,-99.14,1 (mas de 1.8m),1 (si existe),1 (material que no resbale),0.5 (con grietas o levantamientos),0 (hay desniveles),1 (no hay obstaculos),1 (no hay obstaculos),1 (no hay obstaculos),0 (no hay bancas),1 (toda la acera tiene arboles),1 (toda la acera tiene jardineras),1 (hay postes que miran a la acera en todo el tramo),1 (al menos un local o comercio),1 (no existe o uno ocupa menos del 30% del lote),0.5 (mas de la mitad son visibles),12,,,,
1474,,12/14/2022 12:18:23.239 CST,POINT Z (-99.14056499 19.42686083 0.000),19.43,-99.14,1 (mas de 1.8m),1 (si existe),1 (material que no resbale),0.5 (con grietas o levantamientos),0 (hay desniveles),1 (no hay obstaculos),1 (no hay obstaculos),1 (no hay obstaculos),0 (no hay bancas),1 (toda la acera tiene arboles),0 (menos de la mitad cuenta con jardineras),1 (hay postes que miran a la acera en todo el tramo),1 (al menos un local o comercio),1 (no existe o uno ocupa menos del 30% del lote),1 (la mayoria es visible),12.5,,,,
1475,,12/14/2022 12:18:24.846 CST,POINT Z (-99.14111383 19.42644535 0.000),19.43,-99.14,1 (mas de 1.8m),1 (si existe),1 (material que no resbale),1 (sin grietas o levantamientos),0 (hay desniveles),1 (no hay obstaculos),1 (no hay obstaculos),1 (no hay obstaculos),0 (no hay bancas),0.5 (por lo menos la mitad de la acera tiene arboles),0 (menos de la mitad cuenta con jardineras),1 (hay postes que miran a la acera en todo el tramo),0 (no existen locales),0 (existe uno o mas que ocupan el 30% o mas),0 (menos de la mitad son visibles),8.5,,,,