ID,Remarks,Time,Coordinates,Latitude,Longitude,Incline,Width,Ramp conditions,"Ramp // Crosswalk
",Ramp obstacles,"Crosswalk
","Crosswalk width
",Vertical signs,Crossing length,Access to people with disabilities,Score,,,,,,,,,
394,,12/05/2022 15:06:49.394 CST,POINT Z (-99.13620807 19.43424206 0.000),19.43,-99.14,1 (maxima 6%),0 (menos de 1.2m),1 (superficie plana),1 (rampa alineada),1 (ningun obstaculo ni impedimento),1 (completamente pintados),1 (mas de 3m),0 (no existe señal),1 (3 m en un carril/6 m en dos carriles),0 (no hay pavimento podotactil ni semaforo auditivo),7,,,,,,,,,
400,,12/05/2022 15:13:52.224 CST,POINT Z (-99.13597908 19.43536637 0.000),19.44,-99.14,1 (maxima 6%),1 (mas de 1.2m),1 (superficie plana),1 (rampa alineada),1 (ningun obstaculo ni impedimento),1 (completamente pintados),1 (mas de 3m),0 (no existe señal),1 (3 m en un carril/6 m en dos carriles),1 (pavimento podotactil o semaforo auditivo),9,,,,,,,,,
401,,12/05/2022 15:13:54.056 CST,POINT Z (-99.13603138 19.43541886 0.000),19.44,-99.14,1 (maxima 6%),1 (mas de 1.2m),1 (superficie plana),1 (rampa alineada),1 (ningun obstaculo ni impedimento),1 (completamente pintados),1 (mas de 3m),0 (no existe señal),1 (3 m en un carril/6 m en dos carriles),1 (pavimento podotactil o semaforo auditivo),9,,,,,,,,,
410,,12/05/2022 15:34:08.787 CST,POINT Z (-99.13585469 19.43623110 0.000),19.44,-99.14,1 (maxima 6%),0 (menos de 1.2m),1 (superficie plana),1 (rampa alineada),1 (ningun obstaculo ni impedimento),1 (completamente pintados),1 (mas de 3m),0 (no existe señal),1 (3 m en un carril/6 m en dos carriles),1 (pavimento podotactil o semaforo auditivo),8,,,,,,,,,
411,,12/05/2022 15:34:09.869 CST,POINT Z (-99.13590062 19.43629085 0.000),19.44,-99.14,1 (maxima 6%),1 (mas de 1.2m),1 (superficie plana),1 (rampa alineada),0 (existencia de obstaculos),1 (completamente pintados),1 (mas de 3m),0 (no existe señal),1 (3 m en un carril/6 m en dos carriles),1 (pavimento podotactil o semaforo auditivo),8,,,,,,,,,
412,,12/05/2022 15:34:10.907 CST,POINT Z (-99.13583793 19.43633701 0.000),19.44,-99.14,1 (maxima 6%),1 (mas de 1.2m),1 (superficie plana),1 (rampa alineada),1 (ningun obstaculo ni impedimento),1 (completamente pintados),1 (mas de 3m),0 (no existe señal),1 (3 m en un carril/6 m en dos carriles),1 (pavimento podotactil o semaforo auditivo),9,,,,,,,,,
416,,12/05/2022 15:41:41.215 CST,POINT Z (-99.13784120 19.43654632 0.000),19.44,-99.14,1 (maxima 6%),1 (mas de 1.2m),1 (superficie plana),1 (rampa alineada),1 (ningun obstaculo ni impedimento),0 (sin lineas pintadas),0 (menos de 3m),0 (no existe señal),1 (3 m en un carril/6 m en dos carriles),0 (no hay pavimento podotactil ni semaforo auditivo),6,,,,,,,,,
417,,12/05/2022 15:41:42.146 CST,POINT Z (-99.13792301 19.43650680 0.000),19.44,-99.14,1 (maxima 6%),1 (mas de 1.2m),1 (superficie plana),1 (rampa alineada),1 (ningun obstaculo ni impedimento),0 (sin lineas pintadas),0 (menos de 3m),0 (no existe señal),1 (3 m en un carril/6 m en dos carriles),0 (no hay pavimento podotactil ni semaforo auditivo),6,,,,,,,,,
418,,12/05/2022 15:41:43.231 CST,POINT Z (-99.13796961 19.43656845 0.000),19.44,-99.14,1 (maxima 6%),1 (mas de 1.2m),1 (superficie plana),1 (rampa alineada),1 (ningun obstaculo ni impedimento),0 (sin lineas pintadas),0 (menos de 3m),0 (no existe señal),1 (3 m en un carril/6 m en dos carriles),0 (no hay pavimento podotactil ni semaforo auditivo),6,,,,,,,,,
419,,12/05/2022 15:41:44.073 CST,POINT Z (-99.13789887 19.43660133 0.000),19.44,-99.14,1 (maxima 6%),1 (mas de 1.2m),1 (superficie plana),1 (rampa alineada),1 (ningun obstaculo ni impedimento),0 (sin lineas pintadas),0 (menos de 3m),0 (no existe señal),1 (3 m en un carril/6 m en dos carriles),0 (no hay pavimento podotactil ni semaforo auditivo),6,,,,,,,,,
422,,12/05/2022 15:45:59.656 CST,POINT Z (-99.13769100 19.43739681 0.000),19.44,-99.14,1 (maxima 6%),1 (mas de 1.2m),1 (superficie plana),1 (rampa alineada),1 (ningun obstaculo ni impedimento),0 (sin lineas pintadas),0 (menos de 3m),0 (no existe señal),1 (3 m en un carril/6 m en dos carriles),1 (pavimento podotactil o semaforo auditivo),7,,,,,,,,,
423,,12/05/2022 15:46:00.702 CST,POINT Z (-99.13777784 19.43734306 0.000),19.44,-99.14,1 (maxima 6%),0 (menos de 1.2m),1 (superficie plana),1 (rampa alineada),0 (existencia de obstaculos),0 (sin lineas pintadas),0 (menos de 3m),0 (no existe señal),1 (3 m en un carril/6 m en dos carriles),1 (pavimento podotactil o semaforo auditivo),5,,,,,,,,,
424,,12/05/2022 15:46:01.560 CST,POINT Z (-99.13783617 19.43742716 0.000),19.44,-99.14,1 (maxima 6%),0 (menos de 1.2m),1 (superficie plana),1 (rampa alineada),1 (ningun obstaculo ni impedimento),0 (sin lineas pintadas),0 (menos de 3m),0 (no existe señal),1 (3 m en un carril/6 m en dos carriles),1 (pavimento podotactil o semaforo auditivo),6,,,,,,,,,
425,,12/05/2022 15:46:02.364 CST,POINT Z (-99.13774833 19.43746573 0.000),19.44,-99.14,1 (maxima 6%),0 (menos de 1.2m),1 (superficie plana),1 (rampa alineada),1 (ningun obstaculo ni impedimento),0 (sin lineas pintadas),0 (menos de 3m),0 (no existe señal),1 (3 m en un carril/6 m en dos carriles),1 (pavimento podotactil o semaforo auditivo),6,,,,,,,,,
429,,12/05/2022 15:53:06.726 CST,POINT Z (-99.13572595 19.43707590 0.000),19.44,-99.14,1 (maxima 6%),0 (menos de 1.2m),1 (superficie plana),1 (rampa alineada),1 (ningun obstaculo ni impedimento),1 (completamente pintados),1 (mas de 3m),0 (no existe señal),1 (3 m en un carril/6 m en dos carriles),1 (pavimento podotactil o semaforo auditivo),8,,,,,,,,,
430,,12/05/2022 15:53:07.597 CST,POINT Z (-99.13566828 19.43711131 0.000),19.44,-99.14,1 (maxima 6%),0 (menos de 1.2m),1 (superficie plana),1 (rampa alineada),1 (ningun obstaculo ni impedimento),1 (completamente pintados),1 (mas de 3m),0 (no existe señal),1 (3 m en un carril/6 m en dos carriles),1 (pavimento podotactil o semaforo auditivo),8,,,,,,,,,
431,,12/05/2022 15:53:08.541 CST,POINT Z (-99.13571253 19.43716316 0.000),19.44,-99.14,1 (maxima 6%),0 (menos de 1.2m),1 (superficie plana),1 (rampa alineada),1 (ningun obstaculo ni impedimento),1 (completamente pintados),1 (mas de 3m),0 (no existe señal),1 (3 m en un carril/6 m en dos carriles),1 (pavimento podotactil o semaforo auditivo),8,,,,,,,,,
445,,12/05/2022 16:10:03.102 CST,POINT Z (-99.13517408 19.43411591 0.000),19.43,-99.14,1 (maxima 6%),1 (mas de 1.2m),1 (superficie plana),1 (rampa alineada),0 (existencia de obstaculos),1 (completamente pintados),1 (mas de 3m),0 (no existe señal),1 (3 m en un carril/6 m en dos carriles),0 (no hay pavimento podotactil ni semaforo auditivo),7,,,,,,,,,
446,,12/05/2022 16:10:04.402 CST,POINT Z (-99.13505875 19.43409536 0.000),19.43,-99.14,1 (maxima 6%),1 (mas de 1.2m),1 (superficie plana),1 (rampa alineada),1 (ningun obstaculo ni impedimento),1 (completamente pintados),1 (mas de 3m),0 (no existe señal),1 (3 m en un carril/6 m en dos carriles),0 (no hay pavimento podotactil ni semaforo auditivo),8,,,,,,,,,
447,,12/05/2022 16:10:06.176 CST,POINT Z (-99.13510669 19.43407575 0.000),19.43,-99.14,1 (maxima 6%),1 (mas de 1.2m),1 (superficie plana),1 (rampa alineada),1 (ningun obstaculo ni impedimento),0 (sin lineas pintadas),1 (mas de 3m),0 (no existe señal),1 (3 m en un carril/6 m en dos carriles),0 (no hay pavimento podotactil ni semaforo auditivo),7,,,,,,,,,
448,,12/05/2022 16:10:13.128 CST,POINT Z (-99.13510937 19.43412192 0.000),19.43,-99.14,1 (maxima 6%),1 (mas de 1.2m),1 (superficie plana),1 (rampa alineada),1 (ningun obstaculo ni impedimento),0 (sin lineas pintadas),1 (mas de 3m),0 (no existe señal),1 (3 m en un carril/6 m en dos carriles),0 (no hay pavimento podotactil ni semaforo auditivo),7,,,,,,,,,
454,,12/06/2022 13:53:50.198 CST,POINT Z (-99.13296394 19.42651618 0.000),19.43,-99.13,1 (maxima 6%),1 (mas de 1.2m),1 (superficie plana),1 (rampa alineada),1 (ningun obstaculo ni impedimento),0 (sin lineas pintadas),0 (menos de 3m),0 (no existe señal),0 (mas de 6m),0 (no hay pavimento podotactil ni semaforo auditivo),5,,,,,,,,,
455,,12/06/2022 13:53:51.404 CST,POINT Z (-99.13293142 19.42654306 0.000),19.43,-99.13,1 (maxima 6%),1 (mas de 1.2m),1 (superficie plana),1 (rampa alineada),1 (ningun obstaculo ni impedimento),0.5 (lineas borrosas),0 (menos de 3m),0 (no existe señal),1 (3 m en un carril/6 m en dos carriles),0 (no hay pavimento podotactil ni semaforo auditivo),6.5,,,,,,,,,
456,,12/06/2022 13:53:52.522 CST,POINT Z (-99.13295723 19.42657594 0.000),19.43,-99.13,1 (maxima 6%),1 (mas de 1.2m),1 (superficie plana),1 (rampa alineada),1 (ningun obstaculo ni impedimento),1 (completamente pintados),1 (mas de 3m),0 (no existe señal),0 (mas de 6m),0 (no hay pavimento podotactil ni semaforo auditivo),7,,,,,,,,,
457,,12/06/2022 13:53:53.737 CST,POINT Z (-99.13299344 19.42654748 0.000),19.43,-99.13,1 (maxima 6%),1 (mas de 1.2m),1 (superficie plana),1 (rampa alineada),1 (ningun obstaculo ni impedimento),0 (sin lineas pintadas),1 (mas de 3m),0 (no existe señal),1 (3 m en un carril/6 m en dos carriles),0 (no hay pavimento podotactil ni semaforo auditivo),7,,,,,,,,,
461,,12/06/2022 13:58:50.278 CST,POINT Z (-99.13287207 19.42737589 0.000),19.43,-99.13,1 (maxima 6%),1 (mas de 1.2m),1 (superficie plana),1 (rampa alineada),1 (ningun obstaculo ni impedimento),0 (sin lineas pintadas),0 (menos de 3m),0 (no existe señal),1 (3 m en un carril/6 m en dos carriles),0 (no hay pavimento podotactil ni semaforo auditivo),6,,,,,,,,,
462,,12/06/2022 13:58:51.257 CST,POINT Z (-99.13283318 19.42739834 0.000),19.43,-99.13,1 (maxima 6%),1 (mas de 1.2m),1 (superficie plana),1 (rampa alineada),1 (ningun obstaculo ni impedimento),1 (completamente pintados),1 (mas de 3m),0 (no existe señal),0 (mas de 6m),0 (no hay pavimento podotactil ni semaforo auditivo),7,,,,,,,,,
463,,12/06/2022 13:58:52.207 CST,POINT Z (-99.13280971 19.42736451 0.000),19.43,-99.13,1 (maxima 6%),1 (mas de 1.2m),1 (superficie plana),1 (rampa alineada),1 (ningun obstaculo ni impedimento),0 (sin lineas pintadas),0 (menos de 3m),0 (no existe señal),1 (3 m en un carril/6 m en dos carriles),0 (no hay pavimento podotactil ni semaforo auditivo),6,,,,,,,,,
464,,12/06/2022 13:58:53.189 CST,POINT Z (-99.13284559 19.42733827 0.000),19.43,-99.13,1 (maxima 6%),1 (mas de 1.2m),1 (superficie plana),1 (rampa alineada),1 (ningun obstaculo ni impedimento),0 (sin lineas pintadas),0 (menos de 3m),0 (no existe señal),0 (mas de 6m),0 (no hay pavimento podotactil ni semaforo auditivo),5,,,,,,,,,
474,,12/06/2022 14:22:55.000 CST,POINT Z (-99.13407572 19.42748656 0.000),19.43,-99.13,1 (maxima 6%),1 (mas de 1.2m),1 (superficie plana),1 (rampa alineada),1 (ningun obstaculo ni impedimento),1 (completamente pintados),1 (mas de 3m),0 (no existe señal),0 (mas de 6m),1 (pavimento podotactil o semaforo auditivo),8,,,,,,,,,
475,,12/06/2022 14:22:56.362 CST,POINT Z (-99.13408980 19.42752514 0.000),19.43,-99.13,1 (maxima 6%),1 (mas de 1.2m),1 (superficie plana),1 (rampa alineada),1 (ningun obstaculo ni impedimento),0 (sin lineas pintadas),0 (menos de 3m),1 (señal que favorezca al peaton),1 (3 m en un carril/6 m en dos carriles),1 (pavimento podotactil o semaforo auditivo),8,,,,,,,,,
476,,12/06/2022 14:22:57.465 CST,POINT Z (-99.13405627 19.42755075 0.000),19.43,-99.13,1 (maxima 6%),1 (mas de 1.2m),1 (superficie plana),1 (rampa alineada),1 (ningun obstaculo ni impedimento),1 (completamente pintados),1 (mas de 3m),0 (no existe señal),0 (mas de 6m),1 (pavimento podotactil o semaforo auditivo),8,,,,,,,,,
477,,12/06/2022 14:23:07.700 CST,POINT Z (-99.13400162 19.42752482 0.000),19.43,-99.13,1 (maxima 6%),1 (mas de 1.2m),1 (superficie plana),1 (rampa alineada),1 (ningun obstaculo ni impedimento),1 (completamente pintados),1 (mas de 3m),0 (no existe señal),1 (3 m en un carril/6 m en dos carriles),1 (pavimento podotactil o semaforo auditivo),9,,,,,,,,,
479,,12/06/2022 14:27:59.752 CST,POINT Z (-99.13505372 19.42763137 0.000),19.43,-99.14,1 (maxima 6%),1 (mas de 1.2m),1 (superficie plana),1 (rampa alineada),1 (ningun obstaculo ni impedimento),0 (sin lineas pintadas),0 (menos de 3m),0 (no existe señal),1 (3 m en un carril/6 m en dos carriles),0 (no hay pavimento podotactil ni semaforo auditivo),7,,,,,,,,,
480,,12/06/2022 14:28:00.785 CST,POINT Z (-99.13504232 19.42769429 0.000),19.43,-99.14,1 (maxima 6%),1 (mas de 1.2m),1 (superficie plana),1 (rampa alineada),1 (ningun obstaculo ni impedimento),1 (completamente pintados),0 (menos de 3m),0 (no existe señal),1 (3 m en un carril/6 m en dos carriles),0 (no hay pavimento podotactil ni semaforo auditivo),7,,,,,,,,,
483,,12/06/2022 14:34:45.811 CST,POINT Z (-99.13710963 19.42796653 0.000),19.43,-99.14,1 (maxima 6%),1 (mas de 1.2m),1 (superficie plana),1 (rampa alineada),1 (ningun obstaculo ni impedimento),0 (sin lineas pintadas),0 (menos de 3m),0 (no existe señal),1 (3 m en un carril/6 m en dos carriles),0 (no hay pavimento podotactil ni semaforo auditivo),6,,,,,,,,,
484,,12/06/2022 14:34:46.866 CST,POINT Z (-99.13712505 19.42790013 0.000),19.43,-99.14,1 (maxima 6%),1 (mas de 1.2m),1 (superficie plana),1 (rampa alineada),1 (ningun obstaculo ni impedimento),0 (sin lineas pintadas),0 (menos de 3m),0 (no existe señal),1 (3 m en un carril/6 m en dos carriles),0 (no hay pavimento podotactil ni semaforo auditivo),6,,,,,,,,,
493,,12/06/2022 15:11:48.151 CST,POINT Z (-99.13912129 19.42884078 0.000),19.43,-99.14,1 (maxima 6%),1 (mas de 1.2m),1 (superficie plana),1 (rampa alineada),1 (ningun obstaculo ni impedimento),0 (sin lineas pintadas),0 (menos de 3m),0 (no existe señal),1 (3 m en un carril/6 m en dos carriles),0 (no hay pavimento podotactil ni semaforo auditivo),6,,,,,,,,,
494,,12/06/2022 15:11:48.942 CST,POINT Z (-99.13900226 19.42883888 0.000),19.43,-99.14,1 (maxima 6%),1 (mas de 1.2m),1 (superficie plana),1 (rampa alineada),1 (ningun obstaculo ni impedimento),0 (sin lineas pintadas),0 (menos de 3m),0 (no existe señal),1 (3 m en un carril/6 m en dos carriles),0 (no hay pavimento podotactil ni semaforo auditivo),6,,,,,,,,,
495,,12/06/2022 15:11:54.338 CST,POINT Z (-99.13907301 19.42877249 0.000),19.43,-99.14,1 (maxima 6%),1 (mas de 1.2m),1 (superficie plana),1 (rampa alineada),1 (ningun obstaculo ni impedimento),0 (sin lineas pintadas),0 (menos de 3m),0 (no existe señal),1 (3 m en un carril/6 m en dos carriles),0 (no hay pavimento podotactil ni semaforo auditivo),6,,,,,,,,,
496,,12/06/2022 15:11:58.274 CST,POINT Z (-99.13904887 19.42889453 0.000),19.43,-99.14,1 (maxima 6%),1 (mas de 1.2m),1 (superficie plana),1 (rampa alineada),1 (ningun obstaculo ni impedimento),0 (sin lineas pintadas),0 (menos de 3m),0 (no existe señal),1 (3 m en un carril/6 m en dos carriles),0 (no hay pavimento podotactil ni semaforo auditivo),6,,,,,,,,,
502,,12/06/2022 15:15:31.023 CST,POINT Z (-99.13896538 19.42998821 0.000),19.43,-99.14,1 (maxima 6%),1 (mas de 1.2m),1 (superficie plana),1 (rampa alineada),1 (ningun obstaculo ni impedimento),1 (completamente pintados),1 (mas de 3m),0 (no existe señal),1 (3 m en un carril/6 m en dos carriles),0 (no hay pavimento podotactil ni semaforo auditivo),8,,,,,,,,,
503,,12/06/2022 15:15:31.878 CST,POINT Z (-99.13889162 19.43002331 0.000),19.43,-99.14,1 (maxima 6%),1 (mas de 1.2m),1 (superficie plana),1 (rampa alineada),1 (ningun obstaculo ni impedimento),0 (sin lineas pintadas),0 (menos de 3m),0 (no existe señal),1 (3 m en un carril/6 m en dos carriles),0 (no hay pavimento podotactil ni semaforo auditivo),6,,,,,,,,,
504,,12/06/2022 15:15:32.861 CST,POINT Z (-99.13885172 19.42997272 0.000),19.43,-99.14,1 (maxima 6%),1 (mas de 1.2m),1 (superficie plana),1 (rampa alineada),1 (ningun obstaculo ni impedimento),1 (completamente pintados),1 (mas de 3m),0 (no existe señal),1 (3 m en un carril/6 m en dos carriles),0 (no hay pavimento podotactil ni semaforo auditivo),8,,,,,,,,,
505,,12/06/2022 15:15:33.983 CST,POINT Z (-99.13890671 19.42995975 0.000),19.43,-99.14,1 (maxima 6%),1 (mas de 1.2m),1 (superficie plana),1 (rampa alineada),1 (ningun obstaculo ni impedimento),0 (sin lineas pintadas),0 (menos de 3m),0 (no existe señal),1 (3 m en un carril/6 m en dos carriles),0 (no hay pavimento podotactil ni semaforo auditivo),6,,,,,,,,,
509,,12/06/2022 15:33:06.802 CST,POINT Z (-99.13698357 19.42871715 0.000),19.43,-99.14,1 (maxima 6%),1 (mas de 1.2m),1 (superficie plana),1 (rampa alineada),1 (ningun obstaculo ni impedimento),0 (sin lineas pintadas),0 (menos de 3m),0 (no existe señal),1 (3 m en un carril/6 m en dos carriles),0 (no hay pavimento podotactil ni semaforo auditivo),6,,,,,,,,,
510,,12/06/2022 15:33:07.773 CST,POINT Z (-99.13692623 19.42864886 0.000),19.43,-99.14,1 (maxima 6%),1 (mas de 1.2m),1 (superficie plana),1 (rampa alineada),1 (ningun obstaculo ni impedimento),0 (sin lineas pintadas),0 (menos de 3m),0 (no existe señal),1 (3 m en un carril/6 m en dos carriles),0 (no hay pavimento podotactil ni semaforo auditivo),6,,,,,,,,,
511,,12/06/2022 15:33:08.696 CST,POINT Z (-99.13700804 19.42859700 0.000),19.43,-99.14,1 (maxima 6%),1 (mas de 1.2m),1 (superficie plana),1 (rampa alineada),1 (ningun obstaculo ni impedimento),0 (sin lineas pintadas),0 (menos de 3m),0 (no existe señal),1 (3 m en un carril/6 m en dos carriles),0 (no hay pavimento podotactil ni semaforo auditivo),6,,,,,,,,,
512,,12/06/2022 15:33:11.172 CST,POINT Z (-99.13703252 19.42865739 0.000),19.43,-99.14,1 (maxima 6%),1 (mas de 1.2m),1 (superficie plana),1 (rampa alineada),1 (ningun obstaculo ni impedimento),0 (sin lineas pintadas),0 (menos de 3m),0 (no existe señal),1 (3 m en un carril/6 m en dos carriles),0 (no hay pavimento podotactil ni semaforo auditivo),6,,,,,,,,,
521,,12/06/2022 15:45:25.159 CST,POINT Z (-99.13496185 19.42845535 0.000),19.43,-99.13,1 (maxima 6%),1 (mas de 1.2m),1 (superficie plana),1 (rampa alineada),1 (ningun obstaculo ni impedimento),0 (sin lineas pintadas),0 (menos de 3m),0 (no existe señal),1 (3 m en un carril/6 m en dos carriles),0 (no hay pavimento podotactil ni semaforo auditivo),6,,,,,,,,,
522,,12/06/2022 15:45:26.248 CST,POINT Z (-99.13492363 19.42848760 0.000),19.43,-99.13,1 (maxima 6%),1 (mas de 1.2m),1 (superficie plana),1 (rampa alineada),1 (ningun obstaculo ni impedimento),0 (sin lineas pintadas),0 (menos de 3m),0 (no existe señal),1 (3 m en un carril/6 m en dos carriles),0 (no hay pavimento podotactil ni semaforo auditivo),6,,,,,,,,,
523,,12/06/2022 15:45:27.326 CST,POINT Z (-99.13489513 19.42845219 0.000),19.43,-99.13,1 (maxima 6%),1 (mas de 1.2m),1 (superficie plana),1 (rampa alineada),1 (ningun obstaculo ni impedimento),0 (sin lineas pintadas),0 (menos de 3m),0 (no existe señal),1 (3 m en un carril/6 m en dos carriles),0 (no hay pavimento podotactil ni semaforo auditivo),6,,,,,,,,,
524,,12/06/2022 15:45:28.366 CST,POINT Z (-99.13493000 19.42842595 0.000),19.43,-99.13,1 (maxima 6%),1 (mas de 1.2m),1 (superficie plana),1 (rampa alineada),1 (ningun obstaculo ni impedimento),0 (sin lineas pintadas),0 (menos de 3m),0 (no existe señal),1 (3 m en un carril/6 m en dos carriles),0 (no hay pavimento podotactil ni semaforo auditivo),6,,,,,,,,,
528,,12/06/2022 15:48:57.600 CST,POINT Z (-99.13394697 19.42831560 0.000),19.43,-99.13,1 (maxima 6%),1 (mas de 1.2m),1 (superficie plana),1 (rampa alineada),1 (ningun obstaculo ni impedimento),1 (completamente pintados),1 (mas de 3m),0 (no existe señal),0 (mas de 6m),1 (pavimento podotactil o semaforo auditivo),8,,,,,,,,,
530,,12/06/2022 15:48:59.595 CST,POINT Z (-99.13398787 19.42835955 0.000),19.43,-99.13,1 (maxima 6%),1 (mas de 1.2m),1 (superficie plana),1 (rampa alineada),1 (ningun obstaculo ni impedimento),0.5 (lineas borrosas),1 (mas de 3m),0 (no existe señal),1 (3 m en un carril/6 m en dos carriles),1 (pavimento podotactil o semaforo auditivo),8.5,,,,,,,,,
531,,12/06/2022 15:49:10.310 CST,POINT Z (-99.13393255 19.42836556 0.000),19.43,-99.13,1 (maxima 6%),1 (mas de 1.2m),1 (superficie plana),1 (rampa alineada),1 (ningun obstaculo ni impedimento),1 (completamente pintados),1 (mas de 3m),0 (no existe señal),0 (mas de 6m),1 (pavimento podotactil o semaforo auditivo),8,,,,,,,,,
631,,12/08/2022 11:23:20.276 CST,POINT Z (-99.13975094 19.42432087 0.000),19.42,-99.14,1 (maxima 6%),1 (mas de 1.2m),0.5 (existencia de grietas o levantamientos),1 (rampa alineada),0 (existencia de obstaculos),1 (completamente pintados),1 (mas de 3m),0 (no existe señal),0 (mas de 6m),0 (no hay pavimento podotactil ni semaforo auditivo),5.5,,,,,,,,,
633,,12/08/2022 11:23:48.843 CST,POINT Z (-99.13969997 19.42431739 0.000),19.42,-99.14,1 (maxima 6%),1 (mas de 1.2m),0.5 (existencia de grietas o levantamientos),1 (rampa alineada),1 (ningun obstaculo ni impedimento),1 (completamente pintados),0.5 (3 m),0 (no existe señal),0 (mas de 6m),0 (no hay pavimento podotactil ni semaforo auditivo),6,,,,,,,,,
634,,12/08/2022 11:24:34.649 CST,POINT Z (-99.13975228 19.42419502 0.000),19.42,-99.14,1 (maxima 6%),1 (mas de 1.2m),0.5 (existencia de grietas o levantamientos),1 (rampa alineada),1 (ningun obstaculo ni impedimento),1 (completamente pintados),1 (mas de 3m),0 (no existe señal),1 (3 m en un carril/6 m en dos carriles),0 (no hay pavimento podotactil ni semaforo auditivo),7.5,,,,,,,,,
647,,12/08/2022 11:38:38.806 CST,POINT Z (-99.14003156 19.42240062 0.000),19.42,-99.14,1 (maxima 6%),1 (mas de 1.2m),1 (superficie plana),1 (rampa alineada),1 (ningun obstaculo ni impedimento),1 (completamente pintados),0.5 (3 m),0 (no existe señal),1 (3 m en un carril/6 m en dos carriles),0 (no hay pavimento podotactil ni semaforo auditivo),7.5,,,,,,,,,
648,,12/08/2022 11:39:10.348 CST,POINT Z (-99.13867369 19.42246797 0.000),19.42,-99.14,1 (maxima 6%),1 (mas de 1.2m),0.5 (existencia de grietas o levantamientos),1 (rampa alineada),1 (ningun obstaculo ni impedimento),1 (completamente pintados),0.5 (3 m),0 (no existe señal),1 (3 m en un carril/6 m en dos carriles),0 (no hay pavimento podotactil ni semaforo auditivo),7,,,,,,,,,
654,,12/08/2022 11:45:13.560 CST,POINT Z (-99.13761020 19.42403440 0.000),19.42,-99.14,1 (maxima 6%),0 (menos de 1.2m),1 (superficie plana),1 (rampa alineada),1 (ningun obstaculo ni impedimento),1 (completamente pintados),1 (mas de 3m),0 (no existe señal),0 (mas de 6m),0 (no hay pavimento podotactil ni semaforo auditivo),6,,,,,,,,,
655,,12/08/2022 11:45:14.714 CST,POINT Z (-99.13765479 19.42406728 0.000),19.42,-99.14,1 (maxima 6%),1 (mas de 1.2m),1 (superficie plana),1 (rampa alineada),1 (ningun obstaculo ni impedimento),1 (completamente pintados),1 (mas de 3m),0 (no existe señal),0 (mas de 6m),0 (no hay pavimento podotactil ni semaforo auditivo),7,,,,,,,,,
656,,12/08/2022 11:45:15.812 CST,POINT Z (-99.13754985 19.42406792 0.000),19.42,-99.14,1 (maxima 6%),1 (mas de 1.2m),1 (superficie plana),0 (rampa no esta alineada),1 (ningun obstaculo ni impedimento),0.5 (lineas borrosas),1 (mas de 3m),0 (no existe señal),1 (3 m en un carril/6 m en dos carriles),0 (no hay pavimento podotactil ni semaforo auditivo),6.5,,,,,,,,,
661,,12/08/2022 11:51:27.825 CST,POINT Z (-99.13778890 19.42252994 0.000),19.42,-99.14,1 (maxima 6%),1 (mas de 1.2m),1 (superficie plana),1 (rampa alineada),1 (ningun obstaculo ni impedimento),1 (completamente pintados),1 (mas de 3m),0 (no existe señal),1 (3 m en un carril/6 m en dos carriles),0 (no hay pavimento podotactil ni semaforo auditivo),8,,,,,,,,,
663,,12/08/2022 11:51:40.795 CST,POINT Z (-99.13777247 19.42249358 0.000),19.42,-99.14,1 (maxima 6%),1 (mas de 1.2m),1 (superficie plana),0 (rampa no esta alineada),1 (ningun obstaculo ni impedimento),0 (sin lineas pintadas),0 (menos de 3m),0 (no existe señal),1 (3 m en un carril/6 m en dos carriles),0 (no hay pavimento podotactil ni semaforo auditivo),5,,,,,,,,,
669,,12/08/2022 12:01:52.043 CST,POINT Z (-99.13709454 19.42257642 0.000),19.42,-99.14,1 (maxima 6%),1 (mas de 1.2m),1 (superficie plana),1 (rampa alineada),1 (ningun obstaculo ni impedimento),1 (completamente pintados),1 (mas de 3m),0 (no existe señal),1 (3 m en un carril/6 m en dos carriles),0 (no hay pavimento podotactil ni semaforo auditivo),8,,,,,,,,,
674,,12/08/2022 12:08:40.963 CST,POINT Z (-99.13576651 19.42258970 0.000),19.42,-99.14,1 (maxima 6%),1 (mas de 1.2m),0.5 (existencia de grietas o levantamientos),1 (rampa alineada),1 (ningun obstaculo ni impedimento),1 (completamente pintados),1 (mas de 3m),0 (no existe señal),1 (3 m en un carril/6 m en dos carriles),0 (no hay pavimento podotactil ni semaforo auditivo),7.5,,,,,,,,,
675,,12/08/2022 12:08:41.999 CST,POINT Z (-99.13571421 19.42264251 0.000),19.42,-99.14,1 (maxima 6%),1 (mas de 1.2m),0.5 (existencia de grietas o levantamientos),0 (rampa no esta alineada),1 (ningun obstaculo ni impedimento),1 (completamente pintados),1 (mas de 3m),0 (no existe señal),0 (mas de 6m),0 (no hay pavimento podotactil ni semaforo auditivo),5.5,,,,,,,,,
676,,12/08/2022 12:08:43.083 CST,POINT Z (-99.13567163 19.42262733 0.000),19.42,-99.14,2 (mas de 6%),0 (menos de 1.2m),0 (superficie deteriorada),0 (rampa no esta alineada),1 (ningun obstaculo ni impedimento),0.5 (lineas borrosas),1 (mas de 3m),0 (no existe señal),0 (mas de 6m),0 (no hay pavimento podotactil ni semaforo auditivo),2.5,,,,,,,,,
682,,12/08/2022 12:16:45.422 CST,POINT Z (-99.13562771 19.42387662 0.000),19.42,-99.14,1 (maxima 6%),1 (mas de 1.2m),0.5 (existencia de grietas o levantamientos),1 (rampa alineada),1 (ningun obstaculo ni impedimento),1 (completamente pintados),1 (mas de 3m),0 (no existe señal),1 (3 m en un carril/6 m en dos carriles),0 (no hay pavimento podotactil ni semaforo auditivo),7.5,,,,,,,,,
683,,12/08/2022 12:16:46.813 CST,POINT Z (-99.13558681 19.42383109 0.000),19.42,-99.14,1 (maxima 6%),1 (mas de 1.2m),0.5 (existencia de grietas o levantamientos),0 (rampa no esta alineada),1 (ningun obstaculo ni impedimento),1 (completamente pintados),1 (mas de 3m),0 (no existe señal),0 (mas de 6m),0 (no hay pavimento podotactil ni semaforo auditivo),5.5,,,,,,,,,
684,,12/08/2022 12:16:47.815 CST,POINT Z (-99.13554791 19.42386018 0.000),19.42,-99.14,1 (maxima 6%),1 (mas de 1.2m),0 (superficie deteriorada),1 (rampa alineada),1 (ningun obstaculo ni impedimento),0.5 (lineas borrosas),1 (mas de 3m),0 (no existe señal),1 (3 m en un carril/6 m en dos carriles),0 (no hay pavimento podotactil ni semaforo auditivo),6.5,,,,,,,,,
692,,12/08/2022 12:28:24.254 CST,POINT Z (-99.13497627 19.42368374 0.000),19.42,-99.13,1 (maxima 6%),1 (mas de 1.2m),1 (superficie plana),1 (rampa alineada),1 (ningun obstaculo ni impedimento),1 (completamente pintados),1 (mas de 3m),0 (no existe señal),1 (3 m en un carril/6 m en dos carriles),0 (no hay pavimento podotactil ni semaforo auditivo),8,,,,,,,,,
696,,12/08/2022 12:39:47.120 CST,POINT Z (-99.13430806 19.42384563 0.000),19.42,-99.13,1 (maxima 6%),1 (mas de 1.2m),1 (superficie plana),1 (rampa alineada),1 (ningun obstaculo ni impedimento),0 (sin lineas pintadas),1 (mas de 3m),0 (no existe señal),1 (3 m en un carril/6 m en dos carriles),1 (pavimento podotactil o semaforo auditivo),8,,,,,,,,,
701,,12/08/2022 12:50:21.106 CST,POINT Z (-99.13476404 19.42407740 0.000),19.42,-99.13,2 (mas de 6%),1 (mas de 1.2m),0.5 (existencia de grietas o levantamientos),0 (rampa no esta alineada),1 (ningun obstaculo ni impedimento),0 (sin lineas pintadas),0 (menos de 3m),0 (no existe señal),0 (mas de 6m),0 (no hay pavimento podotactil ni semaforo auditivo),2.5,,,,,,,,,
702,,12/08/2022 12:51:06.993 CST,POINT Z (-99.13441703 19.42504274 0.000),19.43,-99.13,1 (maxima 6%),1 (mas de 1.2m),1 (superficie plana),1 (rampa alineada),1 (ningun obstaculo ni impedimento),1 (completamente pintados),1 (mas de 3m),0 (no existe señal),0 (mas de 6m),1 (pavimento podotactil o semaforo auditivo),8,,,,,,,,,
705,,12/08/2022 12:56:20.469 CST,POINT Z (-99.13702145 19.42401258 0.000),19.42,-99.14,1 (maxima 6%),1 (mas de 1.2m),0.5 (existencia de grietas o levantamientos),1 (rampa alineada),1 (ningun obstaculo ni impedimento),0 (sin lineas pintadas),0 (menos de 3m),0 (no existe señal),1 (3 m en un carril/6 m en dos carriles),0 (no hay pavimento podotactil ni semaforo auditivo),5.5,,,,,,,,,
711,,12/08/2022 13:05:42.691 CST,POINT Z (-99.13848259 19.42410744 0.000),19.42,-99.14,1 (maxima 6%),1 (mas de 1.2m),0.5 (existencia de grietas o levantamientos),1 (rampa alineada),1 (ningun obstaculo ni impedimento),0 (sin lineas pintadas),0 (menos de 3m),0 (no existe señal),1 (3 m en un carril/6 m en dos carriles),0 (no hay pavimento podotactil ni semaforo auditivo),5.5,,,,,,,,,
715,,12/08/2022 13:11:12.376 CST,POINT Z (-99.14067060 19.42441699 0.000),19.42,-99.14,1 (maxima 6%),1 (mas de 1.2m),0.5 (existencia de grietas o levantamientos),0 (rampa no esta alineada),1 (ningun obstaculo ni impedimento),0 (sin lineas pintadas),0 (menos de 3m),0 (no existe señal),1 (3 m en un carril/6 m en dos carriles),0 (no hay pavimento podotactil ni semaforo auditivo),4.5,,,,,,,,,
718,,12/08/2022 13:16:15.151 CST,POINT Z (-99.14252233 19.42471990 0.000),19.42,-99.14,1 (maxima 6%),1 (mas de 1.2m),1 (superficie plana),1 (rampa alineada),0 (existencia de obstaculos),1 (completamente pintados),1 (mas de 3m),0 (no existe señal),0.5 (3m en un carril y en mas con isla),0 (no hay pavimento podotactil ni semaforo auditivo),6.5,,,,,,,,,
720,,12/08/2022 13:24:05.165 CST,POINT Z (-99.13971942 19.42448181 0.000),19.42,-99.14,2 (mas de 6%),1 (mas de 1.2m),1 (superficie plana),0 (rampa no esta alineada),1 (ningun obstaculo ni impedimento),1 (completamente pintados),1 (mas de 3m),1 (señal que favorezca al peaton),1 (3 m en un carril/6 m en dos carriles),0 (no hay pavimento podotactil ni semaforo auditivo),7,,,,,,,,,
725,,12/08/2022 13:31:09.032 CST,POINT Z (-99.13759209 19.42427755 0.000),19.42,-99.14,2 (mas de 6%),1 (mas de 1.2m),1 (superficie plana),0 (rampa no esta alineada),1 (ningun obstaculo ni impedimento),1 (completamente pintados),1 (mas de 3m),0 (no existe señal),1 (3 m en un carril/6 m en dos carriles),0 (no hay pavimento podotactil ni semaforo auditivo),6,,,,,,,,,
726,,12/08/2022 13:34:42.296 CST,POINT Z (-99.13557071 19.42414127 0.000),19.42,-99.14,1 (maxima 6%),1 (mas de 1.2m),1 (superficie plana),1 (rampa alineada),1 (ningun obstaculo ni impedimento),1 (completamente pintados),1 (mas de 3m),0 (no existe señal),1 (3 m en un carril/6 m en dos carriles),0 (no hay pavimento podotactil ni semaforo auditivo),8,,,,,,,,,
734,,12/08/2022 13:47:02.258 CST,POINT Z (-99.13433958 19.42507214 0.000),19.43,-99.13,1 (maxima 6%),1 (mas de 1.2m),1 (superficie plana),1 (rampa alineada),1 (ningun obstaculo ni impedimento),1 (completamente pintados),1 (mas de 3m),0 (no existe señal),1 (3 m en un carril/6 m en dos carriles),0 (no hay pavimento podotactil ni semaforo auditivo),8,,,,,,,,,
735,,12/08/2022 13:50:16.735 CST,POINT Z (-99.13320400 19.42500606 0.000),19.43,-99.13,1 (maxima 6%),1 (mas de 1.2m),1 (superficie plana),1 (rampa alineada),1 (ningun obstaculo ni impedimento),1 (completamente pintados),1 (mas de 3m),0 (no existe señal),1 (3 m en un carril/6 m en dos carriles),1 (pavimento podotactil o semaforo auditivo),9,,,,,,,,,
736,,12/08/2022 13:50:18.429 CST,POINT Z (-99.13316946 19.42503704 0.000),19.43,-99.13,1 (maxima 6%),1 (mas de 1.2m),1 (superficie plana),1 (rampa alineada),1 (ningun obstaculo ni impedimento),1 (completamente pintados),1 (mas de 3m),0 (no existe señal),0 (mas de 6m),0 (no hay pavimento podotactil ni semaforo auditivo),7,,,,,,,,,
739,,12/09/2022 09:21:20.243 CST,POINT Z (-99.13236547 19.43081692 0.000),19.43,-99.13,2 (mas de 6%),1 (mas de 1.2m),1 (superficie plana),0 (rampa no esta alineada),1 (ningun obstaculo ni impedimento),1 (completamente pintados),1 (mas de 3m),0 (no existe señal),0 (mas de 6m),0 (no hay pavimento podotactil ni semaforo auditivo),5,,,,,,,,,
740,,12/09/2022 09:21:21.516 CST,POINT Z (-99.13240302 19.43079384 0.000),19.43,-99.13,2 (mas de 6%),1 (mas de 1.2m),1 (superficie plana),0 (rampa no esta alineada),1 (ningun obstaculo ni impedimento),1 (completamente pintados),1 (mas de 3m),0 (no existe señal),1 (3 m en un carril/6 m en dos carriles),0 (no hay pavimento podotactil ni semaforo auditivo),6,,,,,,,,,
741,,12/09/2022 09:21:22.479 CST,POINT Z (-99.13237050 19.43076507 0.000),19.43,-99.13,1 (maxima 6%),1 (mas de 1.2m),1 (superficie plana),1 (rampa alineada),1 (ningun obstaculo ni impedimento),0.5 (lineas borrosas),1 (mas de 3m),0 (no existe señal),0 (mas de 6m),0 (no hay pavimento podotactil ni semaforo auditivo),6.5,,,,,,,,,
742,,12/09/2022 09:21:23.329 CST,POINT Z (-99.13232423 19.43079036 0.000),19.43,-99.13,1 (maxima 6%),1 (mas de 1.2m),1 (superficie plana),1 (rampa alineada),1 (ningun obstaculo ni impedimento),1 (completamente pintados),0.5 (3 m),0 (no existe señal),1 (3 m en un carril/6 m en dos carriles),0 (no hay pavimento podotactil ni semaforo auditivo),7.5,,,,,,,,,
750,,12/09/2022 09:33:51.097 CST,POINT Z (-99.13246807 19.42998252 0.000),19.43,-99.13,1 (maxima 6%),1 (mas de 1.2m),1 (superficie plana),1 (rampa alineada),1 (ningun obstaculo ni impedimento),1 (completamente pintados),1 (mas de 3m),0 (no existe señal),0 (mas de 6m),0 (no hay pavimento podotactil ni semaforo auditivo),7,,,,,,,,,
751,,12/09/2022 09:33:52.625 CST,POINT Z (-99.13252439 19.42992750 0.000),19.43,-99.13,1 (maxima 6%),1 (mas de 1.2m),1 (superficie plana),1 (rampa alineada),1 (ningun obstaculo ni impedimento),0 (sin lineas pintadas),0 (menos de 3m),0 (no existe señal),1 (3 m en un carril/6 m en dos carriles),0 (no hay pavimento podotactil ni semaforo auditivo),6,,,,,,,,,
752,,12/09/2022 09:33:53.928 CST,POINT Z (-99.13247745 19.42987565 0.000),19.43,-99.13,1 (maxima 6%),1 (mas de 1.2m),1 (superficie plana),1 (rampa alineada),1 (ningun obstaculo ni impedimento),0 (sin lineas pintadas),0 (menos de 3m),0 (no existe señal),0 (mas de 6m),0 (no hay pavimento podotactil ni semaforo auditivo),5,,,,,,,,,
753,,12/09/2022 09:33:55.036 CST,POINT Z (-99.13243588 19.42992149 0.000),19.43,-99.13,1 (maxima 6%),1 (mas de 1.2m),1 (superficie plana),1 (rampa alineada),1 (ningun obstaculo ni impedimento),0 (sin lineas pintadas),0 (menos de 3m),0 (no existe señal),1 (3 m en un carril/6 m en dos carriles),0 (no hay pavimento podotactil ni semaforo auditivo),6,,,,,,,,,
764,,12/09/2022 09:50:06.296 CST,POINT Z (-99.13259882 19.42904093 0.000),19.43,-99.13,1 (maxima 6%),1 (mas de 1.2m),1 (superficie plana),1 (rampa alineada),1 (ningun obstaculo ni impedimento),0 (sin lineas pintadas),0 (menos de 3m),0 (no existe señal),0 (mas de 6m),0 (no hay pavimento podotactil ni semaforo auditivo),5,,,,,,,,,
765,,12/09/2022 09:50:07.355 CST,POINT Z (-99.13262162 19.42908171 0.000),19.43,-99.13,1 (maxima 6%),1 (mas de 1.2m),1 (superficie plana),1 (rampa alineada),1 (ningun obstaculo ni impedimento),1 (completamente pintados),1 (mas de 3m),0 (no existe señal),1 (3 m en un carril/6 m en dos carriles),0 (no hay pavimento podotactil ni semaforo auditivo),8,,,,,,,,,
766,,12/09/2022 09:50:08.345 CST,POINT Z (-99.13258407 19.42911238 0.000),19.43,-99.13,1 (maxima 6%),1 (mas de 1.2m),1 (superficie plana),1 (rampa alineada),1 (ningun obstaculo ni impedimento),0 (sin lineas pintadas),0 (menos de 3m),0 (no existe señal),0 (mas de 6m),0 (no hay pavimento podotactil ni semaforo auditivo),5,,,,,,,,,
767,,12/09/2022 09:50:09.224 CST,POINT Z (-99.13257804 19.42907887 0.000),19.43,-99.13,1 (maxima 6%),1 (mas de 1.2m),1 (superficie plana),1 (rampa alineada),1 (ningun obstaculo ni impedimento),1 (completamente pintados),0 (menos de 3m),0 (no existe señal),1 (3 m en un carril/6 m en dos carriles),0 (no hay pavimento podotactil ni semaforo auditivo),7,,,,,,,,,
768,,12/09/2022 09:55:11.697 CST,POINT Z (-99.13269471 19.42832414 0.000),19.43,-99.13,1 (maxima 6%),1 (mas de 1.2m),1 (superficie plana),1 (rampa alineada),1 (ningun obstaculo ni impedimento),1 (completamente pintados),1 (mas de 3m),0 (no existe señal),0 (mas de 6m),0 (no hay pavimento podotactil ni semaforo auditivo),7,,,,,,,,,
770,,12/09/2022 09:55:13.548 CST,POINT Z (-99.13265582 19.42824730 0.000),19.43,-99.13,1 (maxima 6%),1 (mas de 1.2m),1 (superficie plana),1 (rampa alineada),1 (ningun obstaculo ni impedimento),0 (sin lineas pintadas),0 (menos de 3m),0 (no existe señal),1 (3 m en un carril/6 m en dos carriles),0 (no hay pavimento podotactil ni semaforo auditivo),6,,,,,,,,,
771,,12/09/2022 09:55:14.334 CST,POINT Z (-99.13271248 19.42819482 0.000),19.43,-99.13,1 (maxima 6%),1 (mas de 1.2m),1 (superficie plana),1 (rampa alineada),1 (ningun obstaculo ni impedimento),0 (sin lineas pintadas),0 (menos de 3m),0 (no existe señal),0 (mas de 6m),0 (no hay pavimento podotactil ni semaforo auditivo),5,,,,,,,,,
783,,12/09/2022 10:09:40.457 CST,POINT Z (-99.13416121 19.42679885 0.000),19.43,-99.13,1 (maxima 6%),1 (mas de 1.2m),1 (superficie plana),1 (rampa alineada),1 (ningun obstaculo ni impedimento),0.5 (lineas borrosas),1 (mas de 3m),0 (no existe señal),0 (mas de 6m),1 (pavimento podotactil o semaforo auditivo),7.5,,,,,,,,,
784,,12/09/2022 10:09:41.525 CST,POINT Z (-99.13429767 19.42671823 0.000),19.43,-99.13,1 (maxima 6%),1 (mas de 1.2m),1 (superficie plana),1 (rampa alineada),1 (ningun obstaculo ni impedimento),0.5 (lineas borrosas),1 (mas de 3m),0 (no existe señal),1 (3 m en un carril/6 m en dos carriles),1 (pavimento podotactil o semaforo auditivo),8.5,,,,,,,,,
785,,12/09/2022 10:09:42.506 CST,POINT Z (-99.13420044 19.42657784 0.000),19.43,-99.13,1 (maxima 6%),1 (mas de 1.2m),1 (superficie plana),1 (rampa alineada),1 (ningun obstaculo ni impedimento),1 (completamente pintados),1 (mas de 3m),1 (señal que favorezca al peaton),0 (mas de 6m),1 (pavimento podotactil o semaforo auditivo),9,,,,,,,,,
786,,12/09/2022 10:09:43.572 CST,POINT Z (-99.13406063 19.42668155 0.000),19.43,-99.13,1 (maxima 6%),1 (mas de 1.2m),1 (superficie plana),1 (rampa alineada),1 (ningun obstaculo ni impedimento),1 (completamente pintados),1 (mas de 3m),1 (señal que favorezca al peaton),1 (3 m en un carril/6 m en dos carriles),1 (pavimento podotactil o semaforo auditivo),10,,,,,,,,,
798,,12/09/2022 10:40:57.410 CST,POINT Z (-99.13173147 19.42372674 0.000),19.42,-99.13,1 (maxima 6%),0 (menos de 1.2m),0.5 (existencia de grietas o levantamientos),1 (rampa alineada),1 (ningun obstaculo ni impedimento),0.5 (lineas borrosas),1 (mas de 3m),0 (no existe señal),1 (3 m en un carril/6 m en dos carriles),0 (no hay pavimento podotactil ni semaforo auditivo),6,,,,,,,,,
799,,12/09/2022 10:41:55.807 CST,POINT Z (-99.13101029 19.42366635 0.000),19.42,-99.13,1 (maxima 6%),1 (mas de 1.2m),1 (superficie plana),1 (rampa alineada),1 (ningun obstaculo ni impedimento),1 (completamente pintados),1 (mas de 3m),0 (no existe señal),0 (mas de 6m),1 (pavimento podotactil o semaforo auditivo),8,,,,,,,,,
800,,12/09/2022 10:41:56.971 CST,POINT Z (-99.13095698 19.42353386 0.000),19.42,-99.13,1 (maxima 6%),1 (mas de 1.2m),1 (superficie plana),1 (rampa alineada),1 (ningun obstaculo ni impedimento),1 (completamente pintados),1 (mas de 3m),0 (no existe señal),0 (mas de 6m),1 (pavimento podotactil o semaforo auditivo),8,,,,,,,,,
801,,12/09/2022 10:41:58.129 CST,POINT Z (-99.13107265 19.42355631 0.000),19.42,-99.13,1 (maxima 6%),1 (mas de 1.2m),1 (superficie plana),1 (rampa alineada),1 (ningun obstaculo ni impedimento),1 (completamente pintados),1 (mas de 3m),0 (no existe señal),0 (mas de 6m),1 (pavimento podotactil o semaforo auditivo),8,,,,,,,,,
824,,12/09/2022 11:02:42.006 CST,POINT Z (-99.13095631 19.42435786 0.000),19.42,-99.13,2 (mas de 6%),1 (mas de 1.2m),0.5 (existencia de grietas o levantamientos),1 (rampa alineada),1 (ningun obstaculo ni impedimento),0.5 (lineas borrosas),1 (mas de 3m),0 (no existe señal),1 (3 m en un carril/6 m en dos carriles),0 (no hay pavimento podotactil ni semaforo auditivo),6,,,,,,,,,
825,,12/09/2022 11:02:49.476 CST,POINT Z (-99.13080812 19.42598467 0.000),19.43,-99.13,2 (mas de 6%),1 (mas de 1.2m),0.5 (existencia de grietas o levantamientos),1 (rampa alineada),1 (ningun obstaculo ni impedimento),0.5 (lineas borrosas),1 (mas de 3m),0 (no existe señal),0 (mas de 6m),0 (no hay pavimento podotactil ni semaforo auditivo),5,,,,,,,,,
826,,12/09/2022 11:02:56.748 CST,POINT Z (-99.12886284 19.42601281 0.000),19.43,-99.13,1 (maxima 6%),1 (mas de 1.2m),0.5 (existencia de grietas o levantamientos),1 (rampa alineada),1 (ningun obstaculo ni impedimento),0.5 (lineas borrosas),1 (mas de 3m),0 (no existe señal),1 (3 m en un carril/6 m en dos carriles),0 (no hay pavimento podotactil ni semaforo auditivo),7,,,,,,,,,
1287,,12/13/2022 15:37:56.977 CST,POINT Z (-99.13693529 19.42969384 0.000),19.43,-99.14,1 (maxima 6%),1 (mas de 1.2m),1 (superficie plana),1 (rampa alineada),1 (ningun obstaculo ni impedimento),1 (completamente pintados),0 (menos de 3m),0 (no existe señal),1 (3 m en un carril/6 m en dos carriles),0 (no hay pavimento podotactil ni semaforo auditivo),7,,,,,,,,,
1288,,12/13/2022 15:37:58.032 CST,POINT Z (-99.13683470 19.42978332 0.000),19.43,-99.14,1 (maxima 6%),1 (mas de 1.2m),1 (superficie plana),1 (rampa alineada),1 (ningun obstaculo ni impedimento),0.5 (lineas borrosas),0 (menos de 3m),0 (no existe señal),1 (3 m en un carril/6 m en dos carriles),0 (no hay pavimento podotactil ni semaforo auditivo),6.5,,,,,,,,,
1289,,12/13/2022 15:38:00.941 CST,POINT Z (-99.13685616 19.42960784 0.000),19.43,-99.14,1 (maxima 6%),1 (mas de 1.2m),1 (superficie plana),1 (rampa alineada),1 (ningun obstaculo ni impedimento),0.5 (lineas borrosas),0 (menos de 3m),0 (no existe señal),1 (3 m en un carril/6 m en dos carriles),0 (no hay pavimento podotactil ni semaforo auditivo),6.5,,,,,,,,,
1290,,12/13/2022 15:38:02.724 CST,POINT Z (-99.13677569 19.42967456 0.000),19.43,-99.14,1 (maxima 6%),1 (mas de 1.2m),1 (superficie plana),1 (rampa alineada),1 (ningun obstaculo ni impedimento),1 (completamente pintados),0 (menos de 3m),0 (no existe señal),1 (3 m en un carril/6 m en dos carriles),0 (no hay pavimento podotactil ni semaforo auditivo),7,,,,,,,,,
1297,,12/13/2022 15:45:45.370 CST,POINT Z (-99.13475633 19.42951805 0.000),19.43,-99.13,1 (maxima 6%),1 (mas de 1.2m),1 (superficie plana),1 (rampa alineada),1 (ningun obstaculo ni impedimento),0.5 (lineas borrosas),0 (menos de 3m),0 (no existe señal),1 (3 m en un carril/6 m en dos carriles),0 (no hay pavimento podotactil ni semaforo auditivo),6.5,,,,,,,,,
1298,,12/13/2022 15:45:46.200 CST,POINT Z (-99.13488038 19.42940549 0.000),19.43,-99.13,1 (maxima 6%),1 (mas de 1.2m),1 (superficie plana),1 (rampa alineada),1 (ningun obstaculo ni impedimento),1 (completamente pintados),0 (menos de 3m),0 (no existe señal),1 (3 m en un carril/6 m en dos carriles),0 (no hay pavimento podotactil ni semaforo auditivo),7,,,,,,,,,
1299,,12/13/2022 15:45:47.068 CST,POINT Z (-99.13471140 19.42939126 0.000),19.43,-99.13,1 (maxima 6%),1 (mas de 1.2m),1 (superficie plana),1 (rampa alineada),1 (ningun obstaculo ni impedimento),1 (completamente pintados),0 (menos de 3m),0 (no existe señal),1 (3 m en un carril/6 m en dos carriles),0 (no hay pavimento podotactil ni semaforo auditivo),7,,,,,,,,,
1300,,12/13/2022 15:45:51.056 CST,POINT Z (-99.13478818 19.42933561 0.000),19.43,-99.13,1 (maxima 6%),1 (mas de 1.2m),1 (superficie plana),1 (rampa alineada),1 (ningun obstaculo ni impedimento),0.5 (lineas borrosas),0 (menos de 3m),0 (no existe señal),1 (3 m en un carril/6 m en dos carriles),0 (no hay pavimento podotactil ni semaforo auditivo),6.5,,,,,,,,,
1309,,12/13/2022 15:57:22.856 CST,POINT Z (-99.13517609 19.42686209 0.000),19.43,-99.14,2 (mas de 6%),1 (mas de 1.2m),1 (superficie plana),1 (rampa alineada),1 (ningun obstaculo ni impedimento),0 (sin lineas pintadas),0 (menos de 3m),0 (no existe señal),1 (3 m en un carril/6 m en dos carriles),0 (no hay pavimento podotactil ni semaforo auditivo),5,,,,,,,,,
1310,,12/13/2022 15:57:24.161 CST,POINT Z (-99.13515463 19.42681656 0.000),19.43,-99.14,1 (maxima 6%),1 (mas de 1.2m),1 (superficie plana),1 (rampa alineada),1 (ningun obstaculo ni impedimento),0 (sin lineas pintadas),0 (menos de 3m),0 (no existe señal),1 (3 m en un carril/6 m en dos carriles),1 (pavimento podotactil o semaforo auditivo),7,,,,,,,,,
1311,,12/13/2022 15:57:25.051 CST,POINT Z (-99.13518783 19.42679285 0.000),19.43,-99.14,2 (mas de 6%),1 (mas de 1.2m),1 (superficie plana),1 (rampa alineada),1 (ningun obstaculo ni impedimento),0 (sin lineas pintadas),0 (menos de 3m),0 (no existe señal),1 (3 m en un carril/6 m en dos carriles),0 (no hay pavimento podotactil ni semaforo auditivo),5,,,,,,,,,
1322,,12/13/2022 16:11:09.719 CST,POINT Z (-99.13526159 19.42626797 0.000),19.43,-99.14,1 (maxima 6%),1 (mas de 1.2m),1 (superficie plana),1 (rampa alineada),1 (ningun obstaculo ni impedimento),0.5 (lineas borrosas),1 (mas de 3m),0 (no existe señal),1 (3 m en un carril/6 m en dos carriles),0 (no hay pavimento podotactil ni semaforo auditivo),7.5,,,,,,,,,
1323,,12/13/2022 16:11:10.828 CST,POINT Z (-99.13540006 19.42615541 0.000),19.43,-99.14,1 (maxima 6%),1 (mas de 1.2m),1 (superficie plana),1 (rampa alineada),1 (ningun obstaculo ni impedimento),1 (completamente pintados),1 (mas de 3m),0 (no existe señal),0 (mas de 6m),0 (no hay pavimento podotactil ni semaforo auditivo),7,,,,,,,,,
1324,,12/13/2022 16:11:12.281 CST,POINT Z (-99.13513452 19.42610798 0.000),19.43,-99.14,1 (maxima 6%),1 (mas de 1.2m),1 (superficie plana),1 (rampa alineada),1 (ningun obstaculo ni impedimento),1 (completamente pintados),1 (mas de 3m),0 (no existe señal),0 (mas de 6m),0 (no hay pavimento podotactil ni semaforo auditivo),7,,,,,,,,,
1325,,12/13/2022 16:11:13.528 CST,POINT Z (-99.13529076 19.42595463 0.000),19.43,-99.14,1 (maxima 6%),1 (mas de 1.2m),1 (superficie plana),1 (rampa alineada),1 (ningun obstaculo ni impedimento),1 (completamente pintados),1 (mas de 3m),0 (no existe señal),1 (3 m en un carril/6 m en dos carriles),0 (no hay pavimento podotactil ni semaforo auditivo),8,,,,,,,,,
1329,,12/13/2022 16:23:10.166 CST,POINT Z (-99.13723536 19.42706824 0.000),19.43,-99.14,2 (mas de 6%),0 (menos de 1.2m),1 (superficie plana),0 (rampa no esta alineada),1 (ningun obstaculo ni impedimento),0 (sin lineas pintadas),0 (menos de 3m),0 (no existe señal),1 (3 m en un carril/6 m en dos carriles),0 (no hay pavimento podotactil ni semaforo auditivo),3,,,,,,,,,
1330,,12/13/2022 16:23:11.065 CST,POINT Z (-99.13728967 19.42703220 0.000),19.43,-99.14,1 (maxima 6%),1 (mas de 1.2m),1 (superficie plana),1 (rampa alineada),1 (ningun obstaculo ni impedimento),0 (sin lineas pintadas),0 (menos de 3m),0 (no existe señal),1 (3 m en un carril/6 m en dos carriles),1 (pavimento podotactil o semaforo auditivo),7,,,,,,,,,
1331,,12/13/2022 16:23:11.938 CST,POINT Z (-99.13724877 19.42698509 0.000),19.43,-99.14,2 (mas de 6%),0 (menos de 1.2m),1 (superficie plana),0 (rampa no esta alineada),1 (ningun obstaculo ni impedimento),0 (sin lineas pintadas),0 (menos de 3m),0 (no existe señal),1 (3 m en un carril/6 m en dos carriles),0 (no hay pavimento podotactil ni semaforo auditivo),3,,,,,,,,,
1345,,12/13/2022 16:45:44.093 CST,POINT Z (-99.13929764 19.42731424 0.000),19.43,-99.14,1 (maxima 6%),1 (mas de 1.2m),1 (superficie plana),1 (rampa alineada),1 (ningun obstaculo ni impedimento),0 (sin lineas pintadas),0 (menos de 3m),0 (no existe señal),1 (3 m en un carril/6 m en dos carriles),0 (no hay pavimento podotactil ni semaforo auditivo),6,,,,,,,,,
1346,,12/13/2022 16:45:45.080 CST,POINT Z (-99.13940325 19.42722571 0.000),19.43,-99.14,1 (maxima 6%),1 (mas de 1.2m),1 (superficie plana),1 (rampa alineada),1 (ningun obstaculo ni impedimento),0 (sin lineas pintadas),0 (menos de 3m),0 (no existe señal),1 (3 m en un carril/6 m en dos carriles),0 (no hay pavimento podotactil ni semaforo auditivo),6,,,,,,,,,
1347,,12/13/2022 16:45:46.894 CST,POINT Z (-99.13929798 19.42711504 0.000),19.43,-99.14,1 (maxima 6%),1 (mas de 1.2m),1 (superficie plana),1 (rampa alineada),1 (ningun obstaculo ni impedimento),0 (sin lineas pintadas),0 (menos de 3m),0 (no existe señal),1 (3 m en un carril/6 m en dos carriles),0 (no hay pavimento podotactil ni semaforo auditivo),6,,,,,,,,,
1348,,12/13/2022 16:45:50.307 CST,POINT Z (-99.13920511 19.42721369 0.000),19.43,-99.14,1 (maxima 6%),1 (mas de 1.2m),1 (superficie plana),1 (rampa alineada),1 (ningun obstaculo ni impedimento),0 (sin lineas pintadas),0 (menos de 3m),0 (no existe señal),1 (3 m en un carril/6 m en dos carriles),0 (no hay pavimento podotactil ni semaforo auditivo),6,,,,,,,,,
1359,,12/13/2022 16:58:15.947 CST,POINT Z (-99.14198522 19.42700185 0.000),19.43,-99.14,1 (maxima 6%),1 (mas de 1.2m),1 (superficie plana),1 (rampa alineada),1 (ningun obstaculo ni impedimento),1 (completamente pintados),1 (mas de 3m),0 (no existe señal),0 (mas de 6m),0 (no hay pavimento podotactil ni semaforo auditivo),7,,,,,,,,,
1360,,12/13/2022 16:58:17.056 CST,POINT Z (-99.14192855 19.42685640 0.000),19.43,-99.14,1 (maxima 6%),1 (mas de 1.2m),1 (superficie plana),1 (rampa alineada),1 (ningun obstaculo ni impedimento),1 (completamente pintados),1 (mas de 3m),0 (no existe señal),0 (mas de 6m),0 (no hay pavimento podotactil ni semaforo auditivo),7,,,,,,,,,
1361,,12/13/2022 16:58:23.478 CST,POINT Z (-99.14210893 19.42688992 0.000),19.43,-99.14,1 (maxima 6%),1 (mas de 1.2m),1 (superficie plana),1 (rampa alineada),1 (ningun obstaculo ni impedimento),1 (completamente pintados),1 (mas de 3m),0 (no existe señal),0 (mas de 6m),0 (no hay pavimento podotactil ni semaforo auditivo),7,,,,,,,,,
1362,,12/13/2022 16:58:27.967 CST,POINT Z (-99.14221354 19.42662337 0.000),19.43,-99.14,1 (maxima 6%),1 (mas de 1.2m),1 (superficie plana),1 (rampa alineada),1 (ningun obstaculo ni impedimento),1 (completamente pintados),1 (mas de 3m),0 (no existe señal),0 (mas de 6m),0 (no hay pavimento podotactil ni semaforo auditivo),7,,,,,,,,,
1363,,12/13/2022 16:58:31.212 CST,POINT Z (-99.14192688 19.42656804 0.000),19.43,-99.14,1 (maxima 6%),1 (mas de 1.2m),1 (superficie plana),1 (rampa alineada),1 (ningun obstaculo ni impedimento),1 (completamente pintados),1 (mas de 3m),0 (no existe señal),0 (mas de 6m),0 (no hay pavimento podotactil ni semaforo auditivo),7,,,,,,,,,
1364,,12/13/2022 16:58:38.290 CST,POINT Z (-99.14204992 19.42672107 0.000),19.43,-99.14,1 (maxima 6%),1 (mas de 1.2m),1 (superficie plana),1 (rampa alineada),1 (ningun obstaculo ni impedimento),1 (completamente pintados),1 (mas de 3m),0 (no existe señal),0 (mas de 6m),0 (no hay pavimento podotactil ni semaforo auditivo),7,,,,,,,,,
1365,,12/13/2022 16:58:40.056 CST,POINT Z (-99.14210591 19.42649436 0.000),19.43,-99.14,1 (maxima 6%),1 (mas de 1.2m),1 (superficie plana),1 (rampa alineada),1 (ningun obstaculo ni impedimento),1 (completamente pintados),1 (mas de 3m),0 (no existe señal),0 (mas de 6m),0 (no hay pavimento podotactil ni semaforo auditivo),7,,,,,,,,,
1368,,12/13/2022 17:06:38.382 CST,POINT Z (-99.14230540 19.42538232 0.000),19.43,-99.14,1 (maxima 6%),1 (mas de 1.2m),1 (superficie plana),1 (rampa alineada),1 (ningun obstaculo ni impedimento),1 (completamente pintados),1 (mas de 3m),0 (no existe señal),1 (3 m en un carril/6 m en dos carriles),0 (no hay pavimento podotactil ni semaforo auditivo),8,,,,,,,,,
1369,,12/13/2022 17:06:39.953 CST,POINT Z (-99.14218068 19.42595811 0.000),19.43,-99.14,1 (maxima 6%),1 (mas de 1.2m),1 (superficie plana),1 (rampa alineada),1 (ningun obstaculo ni impedimento),1 (completamente pintados),1 (mas de 3m),0 (no existe señal),1 (3 m en un carril/6 m en dos carriles),0 (no hay pavimento podotactil ni semaforo auditivo),8,,,,,,,,,
1380,,12/13/2022 17:16:49.089 CST,POINT Z (-99.13960006 19.42552651 0.000),19.43,-99.14,2 (mas de 6%),0 (menos de 1.2m),1 (superficie plana),0 (rampa no esta alineada),1 (ningun obstaculo ni impedimento),1 (completamente pintados),1 (mas de 3m),0 (no existe señal),1 (3 m en un carril/6 m en dos carriles),0 (no hay pavimento podotactil ni semaforo auditivo),5,,,,,,,,,
1381,,12/13/2022 17:16:49.798 CST,POINT Z (-99.13956821 19.42546959 0.000),19.43,-99.14,2 (mas de 6%),0 (menos de 1.2m),1 (superficie plana),0 (rampa no esta alineada),1 (ningun obstaculo ni impedimento),1 (completamente pintados),1 (mas de 3m),0 (no existe señal),1 (3 m en un carril/6 m en dos carriles),0 (no hay pavimento podotactil ni semaforo auditivo),5,,,,,,,,,
1382,,12/13/2022 17:16:51.083 CST,POINT Z (-99.13952965 19.42551702 0.000),19.43,-99.14,2 (mas de 6%),0 (menos de 1.2m),1 (superficie plana),0 (rampa no esta alineada),1 (ningun obstaculo ni impedimento),1 (completamente pintados),1 (mas de 3m),0 (no existe señal),1 (3 m en un carril/6 m en dos carriles),0 (no hay pavimento podotactil ni semaforo auditivo),5,,,,,,,,,
1383,,12/13/2022 17:16:52.020 CST,POINT Z (-99.13955312 19.42555939 0.000),19.43,-99.14,1 (maxima 6%),1 (mas de 1.2m),1 (superficie plana),1 (rampa alineada),1 (ningun obstaculo ni impedimento),1 (completamente pintados),1 (mas de 3m),0 (no existe señal),1 (3 m en un carril/6 m en dos carriles),0 (no hay pavimento podotactil ni semaforo auditivo),8,,,,,,,,,
1408,,12/13/2022 17:36:49.742 CST,POINT Z (-99.13559821 19.42516384 0.000),19.43,-99.14,1 (maxima 6%),1 (mas de 1.2m),1 (superficie plana),0 (rampa no esta alineada),1 (ningun obstaculo ni impedimento),1 (completamente pintados),1 (mas de 3m),0 (no existe señal),1 (3 m en un carril/6 m en dos carriles),0 (no hay pavimento podotactil ni semaforo auditivo),7,,,,,,,,,
1409,,12/13/2022 17:36:51.058 CST,POINT Z (-99.13540475 19.42527735 0.000),19.43,-99.14,1 (maxima 6%),1 (mas de 1.2m),1 (superficie plana),1 (rampa alineada),1 (ningun obstaculo ni impedimento),1 (completamente pintados),1 (mas de 3m),0 (no existe señal),1 (3 m en un carril/6 m en dos carriles),0 (no hay pavimento podotactil ni semaforo auditivo),8,,,,,,,,,
1410,,12/13/2022 17:36:51.686 CST,POINT Z (-99.13528673 19.42513570 0.000),19.43,-99.14,2 (mas de 6%),0 (menos de 1.2m),1 (superficie plana),0 (rampa no esta alineada),1 (ningun obstaculo ni impedimento),1 (completamente pintados),1 (mas de 3m),0 (no existe señal),1 (3 m en un carril/6 m en dos carriles),0 (no hay pavimento podotactil ni semaforo auditivo),5,,,,,,,,,
1411,,12/13/2022 17:36:52.433 CST,POINT Z (-99.13545202 19.42496622 0.000),19.42,-99.14,2 (mas de 6%),0 (menos de 1.2m),1 (superficie plana),0 (rampa no esta alineada),1 (ningun obstaculo ni impedimento),1 (completamente pintados),1 (mas de 3m),1 (señal que favorezca al peaton),1 (3 m en un carril/6 m en dos carriles),0 (no hay pavimento podotactil ni semaforo auditivo),6,,,,,,,,,
1412,,12/13/2022 17:37:02.711 CST,POINT Z (-99.13744390 19.42543450 0.000),19.43,-99.14,2 (mas de 6%),1 (mas de 1.2m),0.5 (existencia de grietas o levantamientos),0 (rampa no esta alineada),1 (ningun obstaculo ni impedimento),1 (completamente pintados),1 (mas de 3m),0 (no existe señal),1 (3 m en un carril/6 m en dos carriles),0 (no hay pavimento podotactil ni semaforo auditivo),5.5,,,,,,,,,
1413,,12/13/2022 17:37:03.898 CST,POINT Z (-99.13743250 19.42532920 0.000),19.43,-99.14,2 (mas de 6%),1 (mas de 1.2m),1 (superficie plana),0 (rampa no esta alineada),1 (ningun obstaculo ni impedimento),1 (completamente pintados),1 (mas de 3m),0 (no existe señal),1 (3 m en un carril/6 m en dos carriles),0 (no hay pavimento podotactil ni semaforo auditivo),6,,,,,,,,,
1414,,12/13/2022 17:37:04.926 CST,POINT Z (-99.13753375 19.42533142 0.000),19.43,-99.14,1 (maxima 6%),1 (mas de 1.2m),0.5 (existencia de grietas o levantamientos),1 (rampa alineada),1 (ningun obstaculo ni impedimento),1 (completamente pintados),1 (mas de 3m),0 (no existe señal),1 (3 m en un carril/6 m en dos carriles),0 (no hay pavimento podotactil ni semaforo auditivo),7.5,,,,,,,,,
1415,,12/13/2022 17:37:05.884 CST,POINT Z (-99.13749184 19.42530233 0.000),19.43,-99.14,1 (maxima 6%),1 (mas de 1.2m),1 (superficie plana),0 (rampa no esta alineada),1 (ningun obstaculo ni impedimento),1 (completamente pintados),1 (mas de 3m),0 (no existe señal),1 (3 m en un carril/6 m en dos carriles),0 (no hay pavimento podotactil ni semaforo auditivo),7,,,,,,,,,
1417,,12/14/2022 10:57:00.350 CST,POINT Z (-99.13425442 19.42615320 0.000),19.43,-99.13,1 (maxima 6%),1 (mas de 1.2m),1 (superficie plana),1 (rampa alineada),1 (ningun obstaculo ni impedimento),1 (completamente pintados),1 (mas de 3m),0 (no existe señal),0 (mas de 6m),1 (pavimento podotactil o semaforo auditivo),8,,,,,,,,,
1418,,12/14/2022 10:57:01.934 CST,POINT Z (-99.13424034 19.42604443 0.000),19.43,-99.13,1 (maxima 6%),1 (mas de 1.2m),1 (superficie plana),1 (rampa alineada),1 (ningun obstaculo ni impedimento),1 (completamente pintados),1 (mas de 3m),0 (no existe señal),0 (mas de 6m),1 (pavimento podotactil o semaforo auditivo),8,,,,,,,,,
1419,,12/14/2022 10:57:02.813 CST,POINT Z (-99.13433421 19.42605107 0.000),19.43,-99.13,1 (maxima 6%),1 (mas de 1.2m),1 (superficie plana),1 (rampa alineada),1 (ningun obstaculo ni impedimento),1 (completamente pintados),1 (mas de 3m),0 (no existe señal),0 (mas de 6m),1 (pavimento podotactil o semaforo auditivo),8,,,,,,,,,
1421,,12/14/2022 11:00:50.936 CST,POINT Z (-99.13446698 19.42507246 0.000),19.43,-99.13,1 (maxima 6%),1 (mas de 1.2m),1 (superficie plana),1 (rampa alineada),1 (ningun obstaculo ni impedimento),1 (completamente pintados),1 (mas de 3m),0 (no existe señal),1 (3 m en un carril/6 m en dos carriles),0 (no hay pavimento podotactil ni semaforo auditivo),8,,,,,,,,,
1422,,12/14/2022 11:00:52.095 CST,POINT Z (-99.13440596 19.42511641 0.000),19.43,-99.13,1 (maxima 6%),1 (mas de 1.2m),1 (superficie plana),1 (rampa alineada),1 (ningun obstaculo ni impedimento),1 (completamente pintados),1 (mas de 3m),0 (no existe señal),0 (mas de 6m),1 (pavimento podotactil o semaforo auditivo),8,,,,,,,,,
1437,,12/14/2022 11:23:18.436 CST,POINT Z (-99.13749285 19.42633595 0.000),19.43,-99.14,1 (maxima 6%),1 (mas de 1.2m),1 (superficie plana),1 (rampa alineada),1 (ningun obstaculo ni impedimento),1 (completamente pintados),1 (mas de 3m),0 (no existe señal),0 (mas de 6m),0 (no hay pavimento podotactil ni semaforo auditivo),7,,,,,,,,,
1438,,12/14/2022 11:23:20.004 CST,POINT Z (-99.13725715 19.42629453 0.000),19.43,-99.14,1 (maxima 6%),1 (mas de 1.2m),1 (superficie plana),1 (rampa alineada),1 (ningun obstaculo ni impedimento),1 (completamente pintados),1 (mas de 3m),0 (no existe señal),0 (mas de 6m),0 (no hay pavimento podotactil ni semaforo auditivo),7,,,,,,,,,
1439,,12/14/2022 11:23:21.311 CST,POINT Z (-99.13731784 19.42647002 0.000),19.43,-99.14,2 (mas de 6%),1 (mas de 1.2m),0.5 (existencia de grietas o levantamientos),0 (rampa no esta alineada),1 (ningun obstaculo ni impedimento),1 (completamente pintados),1 (mas de 3m),0 (no existe señal),1 (3 m en un carril/6 m en dos carriles),0 (no hay pavimento podotactil ni semaforo auditivo),5.5,,,,,,,,,
1440,,12/14/2022 11:23:22.048 CST,POINT Z (-99.13735975 19.42615414 0.000),19.43,-99.14,1 (maxima 6%),1 (mas de 1.2m),1 (superficie plana),1 (rampa alineada),0 (existencia de obstaculos),1 (completamente pintados),1 (mas de 3m),0 (no existe señal),1 (3 m en un carril/6 m en dos carriles),0 (no hay pavimento podotactil ni semaforo auditivo),7,,,,,,,,,
1460,,12/14/2022 11:57:09.748 CST,POINT Z (-99.13939219 19.42658606 0.000),19.43,-99.14,1 (maxima 6%),1 (mas de 1.2m),1 (superficie plana),1 (rampa alineada),1 (ningun obstaculo ni impedimento),1 (completamente pintados),1 (mas de 3m),0 (no existe señal),1 (3 m en un carril/6 m en dos carriles),1 (pavimento podotactil o semaforo auditivo),9,,,,,,,,,
1461,,12/14/2022 11:57:10.581 CST,POINT Z (-99.13943242 19.42650922 0.000),19.43,-99.14,1 (maxima 6%),1 (mas de 1.2m),1 (superficie plana),1 (rampa alineada),1 (ningun obstaculo ni impedimento),1 (completamente pintados),1 (mas de 3m),0 (no existe señal),0 (mas de 6m),1 (pavimento podotactil o semaforo auditivo),8,,,,,,,,,
1462,,12/14/2022 11:57:11.192 CST,POINT Z (-99.13936537 19.42650986 0.000),19.43,-99.14,1 (maxima 6%),1 (mas de 1.2m),1 (superficie plana),1 (rampa alineada),1 (ningun obstaculo ni impedimento),1 (completamente pintados),1 (mas de 3m),0 (no existe señal),0 (mas de 6m),1 (pavimento podotactil o semaforo auditivo),8,,,,,,,,,
1463,,12/14/2022 11:57:12.243 CST,POINT Z (-99.13940996 19.42642828 0.000),19.43,-99.14,1 (maxima 6%),1 (mas de 1.2m),0 (superficie deteriorada),1 (rampa alineada),1 (ningun obstaculo ni impedimento),1 (completamente pintados),1 (mas de 3m),0 (no existe señal),1 (3 m en un carril/6 m en dos carriles),1 (pavimento podotactil o semaforo auditivo),8,,,,,,,,,
1491,,12/14/2022 13:06:25.580 CST,POINT Z (-99.14332263 19.43059053 0.000),19.43,-99.14,1 (maxima 6%),1 (mas de 1.2m),1 (superficie plana),1 (rampa alineada),1 (ningun obstaculo ni impedimento),1 (completamente pintados),1 (mas de 3m),0 (no existe señal),1 (3 m en un carril/6 m en dos carriles),0 (no hay pavimento podotactil ni semaforo auditivo),8,,,,,,,,,
1492,,12/14/2022 13:06:26.943 CST,POINT Z (-99.14323010 19.43057473 0.000),19.43,-99.14,1 (maxima 6%),1 (mas de 1.2m),1 (superficie plana),1 (rampa alineada),1 (ningun obstaculo ni impedimento),1 (completamente pintados),1 (mas de 3m),0 (no existe señal),1 (3 m en un carril/6 m en dos carriles),0 (no hay pavimento podotactil ni semaforo auditivo),8,,,,,,,,,
1493,,12/14/2022 13:06:40.285 CST,POINT Z (-99.14247505 19.43040778 0.000),19.43,-99.14,1 (maxima 6%),1 (mas de 1.2m),1 (superficie plana),1 (rampa alineada),1 (ningun obstaculo ni impedimento),1 (completamente pintados),1 (mas de 3m),0 (no existe señal),0 (mas de 6m),1 (pavimento podotactil o semaforo auditivo),8,,,,,,,,,
1494,,12/14/2022 13:06:41.443 CST,POINT Z (-99.14250389 19.43047955 0.000),19.43,-99.14,1 (maxima 6%),1 (mas de 1.2m),1 (superficie plana),1 (rampa alineada),1 (ningun obstaculo ni impedimento),1 (completamente pintados),1 (mas de 3m),0 (no existe señal),0 (mas de 6m),1 (pavimento podotactil o semaforo auditivo),8,,,,,,,,,
1495,,12/14/2022 13:06:42.511 CST,POINT Z (-99.14241068 19.43046564 0.000),19.43,-99.14,1 (maxima 6%),1 (mas de 1.2m),1 (superficie plana),1 (rampa alineada),1 (ningun obstaculo ni impedimento),1 (completamente pintados),1 (mas de 3m),0 (no existe señal),0 (mas de 6m),1 (pavimento podotactil o semaforo auditivo),8,,,,,,,,,
1496,,12/14/2022 13:06:43.581 CST,POINT Z (-99.14245829 19.43050264 0.000),19.43,-99.14,1 (maxima 6%),1 (mas de 1.2m),1 (superficie plana),1 (rampa alineada),1 (ningun obstaculo ni impedimento),1 (completamente pintados),1 (mas de 3m),0 (no existe señal),0 (mas de 6m),1 (pavimento podotactil o semaforo auditivo),8,,,,,,,,,
1511,,12/14/2022 13:40:32.020 CST,POINT Z (-99.14385907 19.43066484 0.000),19.43,-99.14,1 (maxima 6%),1 (mas de 1.2m),1 (superficie plana),1 (rampa alineada),1 (ningun obstaculo ni impedimento),1 (completamente pintados),0 (menos de 3m),0 (no existe señal),1 (3 m en un carril/6 m en dos carriles),1 (pavimento podotactil o semaforo auditivo),8,,,,,,,,,
1512,,12/14/2022 13:40:33.007 CST,POINT Z (-99.14378397 19.43071827 0.000),19.43,-99.14,1 (maxima 6%),1 (mas de 1.2m),1 (superficie plana),1 (rampa alineada),1 (ningun obstaculo ni impedimento),0 (sin lineas pintadas),0 (menos de 3m),0 (no existe señal),1 (3 m en un carril/6 m en dos carriles),1 (pavimento podotactil o semaforo auditivo),7,,,,,,,,,
1534,,12/14/2022 15:46:00.563 CST,POINT Z (-99.15030979 19.42974570 0.000),19.43,-99.15,1 (maxima 6%),1 (mas de 1.2m),0 (superficie deteriorada),1 (rampa alineada),1 (ningun obstaculo ni impedimento),1 (completamente pintados),0 (menos de 3m),0 (no existe señal),0 (mas de 6m),0 (no hay pavimento podotactil ni semaforo auditivo),5,,,,,,,,,
1535,,12/14/2022 15:46:01.863 CST,POINT Z (-99.15036242 19.42969954 0.000),19.43,-99.15,1 (maxima 6%),1 (mas de 1.2m),1 (superficie plana),1 (rampa alineada),1 (ningun obstaculo ni impedimento),0.5 (lineas borrosas),0 (menos de 3m),0 (no existe señal),1 (3 m en un carril/6 m en dos carriles),0 (no hay pavimento podotactil ni semaforo auditivo),6.5,,,,,,,,,
1536,,12/14/2022 15:46:02.842 CST,POINT Z (-99.15032152 19.42966950 0.000),19.43,-99.15,2 (mas de 6%),0 (menos de 1.2m),1 (superficie plana),0 (rampa no esta alineada),1 (ningun obstaculo ni impedimento),1 (completamente pintados),0 (menos de 3m),0 (no existe señal),1 (3 m en un carril/6 m en dos carriles),0 (no hay pavimento podotactil ni semaforo auditivo),4,,,,,,,,,
1543,,12/14/2022 15:56:09.961 CST,POINT Z (-99.15119492 19.43175218 0.000),19.43,-99.15,2 (mas de 6%),1 (mas de 1.2m),1 (superficie plana),0 (rampa no esta alineada),1 (ningun obstaculo ni impedimento),0.5 (lineas borrosas),1 (mas de 3m),0 (no existe señal),1 (3 m en un carril/6 m en dos carriles),1 (pavimento podotactil o semaforo auditivo),6.5,,,,,,,,,
1544,,12/14/2022 15:58:09.457 CST,POINT Z (-99.15087741 19.43259922 0.000),19.43,-99.15,1 (maxima 6%),1 (mas de 1.2m),1 (superficie plana),1 (rampa alineada),1 (ningun obstaculo ni impedimento),1 (completamente pintados),1 (mas de 3m),0 (no existe señal),0 (mas de 6m),0 (no hay pavimento podotactil ni semaforo auditivo),7,,,,,,,,,
1545,,12/14/2022 15:58:10.717 CST,POINT Z (-99.15091563 19.43257455 0.000),19.43,-99.15,1 (maxima 6%),1 (mas de 1.2m),1 (superficie plana),1 (rampa alineada),1 (ningun obstaculo ni impedimento),1 (completamente pintados),1 (mas de 3m),0 (no existe señal),0 (mas de 6m),0 (no hay pavimento podotactil ni semaforo auditivo),7,,,,,,,,,
1546,,12/14/2022 15:58:11.744 CST,POINT Z (-99.15089820 19.43263400 0.000),19.43,-99.15,1 (maxima 6%),1 (mas de 1.2m),1 (superficie plana),1 (rampa alineada),1 (ningun obstaculo ni impedimento),1 (completamente pintados),1 (mas de 3m),0 (no existe señal),0 (mas de 6m),0 (no hay pavimento podotactil ni semaforo auditivo),7,,,,,,,,,
1547,,12/14/2022 16:00:45.942 CST,POINT Z (-99.15063869 19.43327994 0.000),19.43,-99.15,1 (maxima 6%),1 (mas de 1.2m),1 (superficie plana),1 (rampa alineada),1 (ningun obstaculo ni impedimento),1 (completamente pintados),1 (mas de 3m),0 (no existe señal),0 (mas de 6m),0 (no hay pavimento podotactil ni semaforo auditivo),7,,,,,,,,,
1548,,12/14/2022 16:00:46.493 CST,POINT Z (-99.15058438 19.43331694 0.000),19.43,-99.15,1 (maxima 6%),1 (mas de 1.2m),0.5 (existencia de grietas o levantamientos),1 (rampa alineada),1 (ningun obstaculo ni impedimento),0.5 (lineas borrosas),1 (mas de 3m),0 (no existe señal),1 (3 m en un carril/6 m en dos carriles),0 (no hay pavimento podotactil ni semaforo auditivo),7,,,,,,,,,
1549,,12/14/2022 16:00:47.188 CST,POINT Z (-99.15060852 19.43335962 0.000),19.43,-99.15,1 (maxima 6%),1 (mas de 1.2m),1 (superficie plana),1 (rampa alineada),1 (ningun obstaculo ni impedimento),1 (completamente pintados),1 (mas de 3m),0 (no existe señal),0 (mas de 6m),0 (no hay pavimento podotactil ni semaforo auditivo),7,,,,,,,,,
1573,,12/15/2022 10:55:57.246 CST,POINT Z (-99.14890833 19.42737621 0.000),19.43,-99.15,1 (maxima 6%),1 (mas de 1.2m),1 (superficie plana),1 (rampa alineada),1 (ningun obstaculo ni impedimento),1 (completamente pintados),1 (mas de 3m),1 (señal que favorezca al peaton),0 (mas de 6m),1 (pavimento podotactil o semaforo auditivo),9,,,,,,,,,
1592,,12/15/2022 11:13:59.964 CST,POINT Z (-99.14878361 19.43238295 0.000),19.43,-99.15,2 (mas de 6%),1 (mas de 1.2m),0.5 (existencia de grietas o levantamientos),1 (rampa alineada),0 (existencia de obstaculos),1 (completamente pintados),1 (mas de 3m),0 (no existe señal),1 (3 m en un carril/6 m en dos carriles),0 (no hay pavimento podotactil ni semaforo auditivo),5.5,,,,,,,,,
1593,,12/15/2022 11:14:03.220 CST,POINT Z (-99.14876081 19.43232920 0.000),19.43,-99.15,2 (mas de 6%),0 (menos de 1.2m),1 (superficie plana),0 (rampa no esta alineada),1 (ningun obstaculo ni impedimento),1 (completamente pintados),1 (mas de 3m),0 (no existe señal),0 (mas de 6m),0 (no hay pavimento podotactil ni semaforo auditivo),4,,,,,,,,,
1594,,12/15/2022 11:14:05.034 CST,POINT Z (-99.14881714 19.43232636 0.000),19.43,-99.15,2 (mas de 6%),0 (menos de 1.2m),1 (superficie plana),0 (rampa no esta alineada),1 (ningun obstaculo ni impedimento),1 (completamente pintados),1 (mas de 3m),0 (no existe señal),0 (mas de 6m),0 (no hay pavimento podotactil ni semaforo auditivo),4,,,,,,,,,
1633,,12/15/2022 11:18:34.418 CST,POINT Z (-99.14643936 19.43197793 0.000),19.43,-99.15,1 (maxima 6%),1 (mas de 1.2m),1 (superficie plana),1 (rampa alineada),1 (ningun obstaculo ni impedimento),1 (completamente pintados),1 (mas de 3m),0 (no existe señal),1 (3 m en un carril/6 m en dos carriles),1 (pavimento podotactil o semaforo auditivo),9,,,,,,,,,
1634,,12/15/2022 11:18:35.538 CST,POINT Z (-99.14649468 19.43195738 0.000),19.43,-99.15,1 (maxima 6%),1 (mas de 1.2m),1 (superficie plana),1 (rampa alineada),1 (ningun obstaculo ni impedimento),1 (completamente pintados),1 (mas de 3m),0 (no existe señal),1 (3 m en un carril/6 m en dos carriles),1 (pavimento podotactil o semaforo auditivo),9,,,,,,,,,
1635,,12/15/2022 11:18:36.949 CST,POINT Z (-99.14644975 19.43191121 0.000),19.43,-99.15,1 (maxima 6%),1 (mas de 1.2m),1 (superficie plana),1 (rampa alineada),1 (ningun obstaculo ni impedimento),1 (completamente pintados),1 (mas de 3m),0 (no existe señal),1 (3 m en un carril/6 m en dos carriles),1 (pavimento podotactil o semaforo auditivo),9,,,,,,,,,
1636,,12/15/2022 11:18:38.128 CST,POINT Z (-99.14638873 19.43194188 0.000),19.43,-99.15,1 (maxima 6%),1 (mas de 1.2m),1 (superficie plana),1 (rampa alineada),1 (ningun obstaculo ni impedimento),1 (completamente pintados),1 (mas de 3m),0 (no existe señal),1 (3 m en un carril/6 m en dos carriles),1 (pavimento podotactil o semaforo auditivo),9,,,,,,,,,
1752,,12/15/2022 12:01:08.526 CST,POINT Z (-99.14566521 19.42991991 0.000),19.43,-99.15,1 (maxima 6%),1 (mas de 1.2m),1 (superficie plana),1 (rampa alineada),1 (ningun obstaculo ni impedimento),1 (completamente pintados),1 (mas de 3m),0 (no existe señal),0 (mas de 6m),1 (pavimento podotactil o semaforo auditivo),8,,,,,,,,,
1753,,12/15/2022 12:01:09.888 CST,POINT Z (-99.14572656 19.42986964 0.000),19.43,-99.15,1 (maxima 6%),1 (mas de 1.2m),1 (superficie plana),1 (rampa alineada),1 (ningun obstaculo ni impedimento),1 (completamente pintados),1 (mas de 3m),0 (no existe señal),1 (3 m en un carril/6 m en dos carriles),1 (pavimento podotactil o semaforo auditivo),9,,,,,,,,,
1754,,12/15/2022 12:01:11.244 CST,POINT Z (-99.14563905 19.42985731 0.000),19.43,-99.15,1 (maxima 6%),1 (mas de 1.2m),1 (superficie plana),1 (rampa alineada),1 (ningun obstaculo ni impedimento),1 (completamente pintados),1 (mas de 3m),0 (no existe señal),1 (3 m en un carril/6 m en dos carriles),1 (pavimento podotactil o semaforo auditivo),9,,,,,,,,,
1755,,12/15/2022 12:01:12.472 CST,POINT Z (-99.14568365 19.42983202 0.000),19.43,-99.15,1 (maxima 6%),1 (mas de 1.2m),1 (superficie plana),1 (rampa alineada),1 (ningun obstaculo ni impedimento),1 (completamente pintados),1 (mas de 3m),0 (no existe señal),0 (mas de 6m),1 (pavimento podotactil o semaforo auditivo),8,,,,,,,,,