ID,Coordinates,Date,Hour,Variable,Classification,Description,Picture,,,,,,,,,,,,,,,,,,,
1,POINT Z (-99.14805874 19.43584790 0.000),11/22/2022,14:48:26.758,Physical aspects in poor condition,Trash on the street and facade in poor condition,,recolección de datos - centro_20221122_144859598.jpg,,,,,,,,,,,,,,,,,,,
2,POINT Z (-99.14824985 19.43535531 0.000),11/22/2022,14:50:00.035,Obstacles,Permanent,null,recolección de datos - centro_20221122_145100320.jpg,,,,,,,,,,,,,,,,,,,
3,POINT Z (-99.14839134 19.43540052 0.000),11/22/2022,14:52:07.044,Physical aspects in poor condition,Vandalized public telephone,,recolección de datos - centro_20221122_145235982.jpg,,,,,,,,,,,,,,,,,,,
4,POINT Z (-99.14897572 19.43552604 0.000),11/22/2022,14:54:03.639,Obstacles,Permanent,null,recolección de datos - centro_20221122_145417535.jpg,,,,,,,,,,,,,,,,,,,
5,POINT Z (-99.14866325 19.43580616 0.000),11/22/2022,14:55:56.078,Physical aspects in poor condition,Vandalized furniture,,recolección de datos - centro_20221122_145617424.jpg,,,,,,,,,,,,,,,,,,,
6,POINT Z (-99.14801113 19.43611506 0.000),11/22/2022,14:57:49.561,Positive elements,Panic button,,,,,,,,,,,,,,,,,,,,,
7,POINT Z (-99.14826930 19.43607965 0.000),11/22/2022,14:58:33.019,Physical aspects in poor condition,Facade in poor condition,,,,,,,,,,,,,,,,,,,,,
8,POINT Z (-99.14727889 19.43665729 0.000),11/22/2022,15:00:49.277,Obstacles,Mobile,null,recolección de datos - centro_20221122_150129591.jpg,,,,,,,,,,,,,,,,,,,
9,POINT Z (-99.14725307 19.43614794 0.000),11/22/2022,15:04:12.866,Incivility,Trash on the street,,recolección de datos - centro_20221122_150424947.jpg,,,,,,,,,,,,,,,,,,,
10,POINT Z (-99.14762825 19.43599460 0.000),11/22/2022,15:05:18.835,Incivility,grafiti,,recolección de datos - centro_20221122_150525732.jpg,,,,,,,,,,,,,,,,,,,
11,POINT Z (-99.14737277 19.43601009 0.000),11/22/2022,15:05:48.909,Obstacles,Permanent,null,recolección de datos - centro_20221122_150551982.jpg,,,,,,,,,,,,,,,,,,,
12,POINT Z (-99.14759975 19.43529460 0.000),11/22/2022,15:08:34.186,Physical aspects in poor condition,Vandalized public telephone,,recolección de datos - centro_20221122_150838870.jpg,,,,,,,,,,,,,,,,,,,
13,POINT Z (-99.14683633 19.43676637 0.000),11/22/2022,15:12:41.855,Physical aspects in poor condition,Grafitti,,recolección de datos - centro_20221122_151251836.jpg,,,,,,,,,,,,,,,,,,,
14,POINT Z (-99.14603099 19.43646506 0.000),11/22/2022,15:15:36.071,Positive elements,Panic button,,,,,,,,,,,,,,,,,,,,,
15,POINT Z (-99.14616577 19.43576854 0.000),11/22/2022,15:18:49.232,Positive elements,Panic button,,,,,,,,,,,,,,,,,,,,,
16,POINT Z (-99.14634783 19.43591240 0.000),11/22/2022,15:19:16.058,Physical aspects in poor condition,Graffiti / Empty business,,recolección de datos - centro_20221122_151938088.jpg,,,,,,,,,,,,,,,,,,,
17,POINT Z (-99.14580502 19.43706167 0.000),11/22/2022,15:23:40.333,Positive elements,Panic button,,,,,,,,,,,,,,,,,,,,,
18,POINT Z (-99.14395798 19.43666646 0.000),11/22/2022,15:28:08.559,Positive elements,Panic button,,,,,,,,,,,,,,,,,,,,,
19,POINT Z (-99.14498191 19.43578719 0.000),11/22/2022,15:46:19.691,Positive elements,Panic button,,,,,,,,,,,,,,,,,,,,,
20,POINT Z (-99.14426241 19.43510711 0.000),11/22/2022,15:53:55.147,Positive elements,Panic button,,,,,,,,,,,,,,,,,,,,,
21,POINT Z (-99.14632905 19.43516402 0.000),11/22/2022,16:04:39.569,Positive elements,Map of areas of interest,,,,,,,,,,,,,,,,,,,,,
22,POINT Z (-99.14629553 19.43517256 0.000),11/22/2022,16:05:48.905,Positive elements,tourist information module,,,,,,,,,,,,,,,,,,,,,
23,POINT Z (-99.14805740 19.43524654 0.000),11/22/2022,16:12:28.719,Positive elements,map area,,,,,,,,,,,,,,,,,,,,,
24,POINT Z (-99.14898511 19.43534772 0.000),11/22/2022,16:15:10.286,Obstacles,Permanent,null,recolección de datos - centro_20221122_161519203.jpg,,,,,,,,,,,,,,,,,,,
25,POINT Z (-99.14906289 19.43535436 0.000),11/22/2022,16:15:58.794,Obstacles,Permanent,null,recolección de datos - centro_20221122_161630279.jpg,,,,,,,,,,,,,,,,,,,
26,POINT Z (-99.14981291 19.43506348 0.000),11/22/2022,16:19:17.815,Obstacles,Permanent,null,recolección de datos - centro_20221122_161923397.jpg,,,,,,,,,,,,,,,,,,,
27,POINT Z (-99.14980318 19.43515548 0.000),11/22/2022,16:19:59.644,Positive elements,Panic button,,,,,,,,,,,,,,,,,,,,,
28,POINT Z (-99.14940555 19.43528480 0.000),11/22/2022,16:21:17.169,Obstacles,Permanent,null,recolección de datos - centro_20221122_162121516.jpg,,,,,,,,,,,,,,,,,,,
29,POINT Z (-99.14893717 19.43530282 0.000),11/22/2022,16:21:59.221,Obstacles,Mobile,null,recolección de datos - centro_20221122_162209006.jpg,,,,,,,,,,,,,,,,,,,
30,POINT Z (-99.14901361 19.43490603 0.000),11/23/2022,10:50:21.551,Poor infrastructure,sidewalk in poor condition,,recolección de datos - centro_20221123_105038309.jpg,,,,,,,,,,,,,,,,,,,
31,POINT Z (-99.14900020 19.43485986 0.000),11/23/2022,10:51:14.224,Physical aspects in poor condition,grafitti,,recolección de datos - centro_20221123_105122351.jpg,,,,,,,,,,,,,,,,,,,
32,POINT Z (-99.14912827 19.43405742 0.000),11/23/2022,10:52:44.911,Physical aspects in poor condition,grafitti,,recolección de datos - centro_20221123_105252732.jpg,,,,,,,,,,,,,,,,,,,
33,POINT Z (-99.14930865 19.43318288 0.000),11/23/2022,10:56:09.056,Obstacles,Permanent,Informal Commerce on walkside,recolección de datos - centro_20221123_112346594.jpg,,,,,,,,,,,,,,,,,,,
34,POINT Z (-99.15052269 19.43351960 0.000),11/23/2022,10:56:56.811,Positive elements,Downtown map tourist,,,,,,,,,,,,,,,,,,,,,
35,POINT Z (-99.15032823 19.43392715 0.000),11/23/2022,10:59:22.707,Positive elements,Poder judicial de la federación,,,,,,,,,,,,,,,,,,,,,
36,POINT Z (-99.15004659 19.43450986 0.000),11/23/2022,11:01:18.286,Physical aspects in poor condition,cover broken,,recolección de datos - centro_20221123_110135458.jpg,,,,,,,,,,,,,,,,,,,
37,POINT Z (-99.14826863 19.43491456 0.000),11/23/2022,11:05:49.758,Obstacles,Permanent,Building,recolección de datos - centro_20221123_110634370.jpg,,,,,,,,,,,,,,,,,,,
38,POINT Z (-99.14845102 19.43351771 0.000),11/23/2022,11:08:35.698,Physical aspects in poor condition,grafitti,,recolección de datos - centro_20221123_110841996.jpg,,,,,,,,,,,,,,,,,,,
39,POINT Z (-99.14874606 19.43310352 0.000),11/23/2022,11:09:59.847,Physical aspects in poor condition,narrow sidewalk,,recolección de datos - centro_20221123_111009055.jpg,,,,,,,,,,,,,,,,,,,
40,POINT Z (-99.14899852 19.43448615 0.000),11/23/2022,11:12:50.069,Obstacles,Permanent,Building,recolección de datos - centro_20221123_111306325.jpg,,,,,,,,,,,,,,,,,,,
41,POINT Z (-99.14747100 19.43520987 0.000),11/23/2022,11:16:39.963,Physical aspects in poor condition,Vandalism,,recolección de datos - centro_20221123_111653094.jpg,,,,,,,,,,,,,,,,,,,
42,POINT Z (-99.15045395 19.43324011 0.000),11/23/2022,11:25:51.966,Obstacles,Permanent,Discontinuous pedestrian strip,recolección de datos - centro_20221123_112600167.jpg,,,,,,,,,,,,,,,,,,,
43,POINT Z (-99.14973680 19.43259890 0.000),11/23/2022,11:29:44.615,Physical aspects in poor condition,restricted access,,recolección de datos - centro_20221123_112955086.jpg,,,,,,,,,,,,,,,,,,,
44,POINT Z (-99.14929859 19.43261597 0.000),11/23/2022,11:30:55.597,Physical aspects in poor condition,grafitti,,recolección de datos - centro_20221123_113102166.jpg,,,,,,,,,,,,,,,,,,,
45,POINT Z (-99.14934788 19.43266087 0.000),11/23/2022,11:31:29.902,Obstacles,Permanent,Discontinuous pedestrian strip,recolección de datos - centro_20221123_113144369.jpg,,,,,,,,,,,,,,,,,,,
46,POINT Z (-99.14928384 19.43308265 0.000),11/23/2022,11:32:38.271,Obstacles,Permanent,Discontinuous pedestrian strip,recolección de datos - centro_20221123_113247802.jpg,,,,,,,,,,,,,,,,,,,
47,POINT Z (-99.14803091 19.43225205 0.000),11/23/2022,11:38:19.348,Obstacles,Mobile,Informal Commerce on walkside,recolección de datos - centro_20221123_114140854.jpg,,,,,,,,,,,,,,,,,,,
48,POINT Z (-99.14967578 19.43240255 0.000),11/23/2022,11:45:34.774,Physical aspects in poor condition,bad drain cover,,recolección de datos - centro_20221123_114545573.jpg,,,,,,,,,,,,,,,,,,,
49,POINT Z (-99.14974149 19.43243291 0.000),11/23/2022,11:46:11.384,Positive elements,Panic button,,,,,,,,,,,,,,,,,,,,,
50,POINT Z (-99.15085495 19.43253377 0.000),11/23/2022,11:48:21.141,Physical aspects in poor condition,tapas inestables,,recolección de datos - centro_20221123_114833012.jpg,,,,,,,,,,,,,,,,,,,
51,POINT Z (-99.15091295 19.43248729 0.000),11/23/2022,11:49:15.017,Physical aspects in poor condition,grafiti,,recolección de datos - centro_20221123_114924271.jpg,,,,,,,,,,,,,,,,,,,
52,POINT Z (-99.15071044 19.43170191 0.000),11/23/2022,11:51:26.759,Physical aspects in poor condition,grafitti,,recolección de datos - centro_20221123_115137296.jpg,,,,,,,,,,,,,,,,,,,
53,POINT Z (-99.14996512 19.43179897 0.000),11/23/2022,11:54:03.148,Obstacles,Permanent,discontinuous pedestrian strip,recolección de datos - centro_20221123_115415414.jpg,,,,,,,,,,,,,,,,,,,
54,POINT Z (-99.14924763 19.43150777 0.000),11/23/2022,11:57:39.609,Physical aspects in poor condition,grafitti,,recolección de datos - centro_20221123_115745973.jpg,,,,,,,,,,,,,,,,,,,
55,POINT Z (-99.14904278 19.43148659 0.000),11/23/2022,11:58:18.358,Physical aspects in poor condition,grafitti,,recolección de datos - centro_20221123_115828173.jpg,,,,,,,,,,,,,,,,,,,
56,POINT Z (-99.14859384 19.43141545 0.000),11/23/2022,11:59:15.772,Physical aspects in poor condition,grafitti,,recolección de datos - centro_20221123_115924261.jpg,,,,,,,,,,,,,,,,,,,
57,POINT Z (-99.14833669 19.43135601 0.000),11/23/2022,12:00:00.915,Physical aspects in poor condition,Vandalism,,recolección de datos - centro_20221123_120008942.jpg,,,,,,,,,,,,,,,,,,,
58,POINT Z (-99.14809126 19.43184766 0.000),11/23/2022,12:01:15.594,Physical aspects in poor condition,grafitti,,recolección de datos - centro_20221123_120124441.jpg,,,,,,,,,,,,,,,,,,,
59,POINT Z (-99.14818246 19.43219957 0.000),11/23/2022,12:02:45.326,Obstacles,Permanent,sidewalk remodeling,recolección de datos - centro_20221123_120305143.jpg,,,,,,,,,,,,,,,,,,,
60,POINT Z (-99.14849594 19.43124819 0.000),11/23/2022,12:08:14.546,Physical aspects in poor condition,grafitti,,recolección de datos - centro_20221123_120820564.jpg,,,,,,,,,,,,,,,,,,,
61,POINT Z (-99.14910112 19.43138415 0.000),11/23/2022,12:09:40.488,Physical aspects in poor condition,grafitti,,recolección de datos - centro_20221123_120954256.jpg,,,,,,,,,,,,,,,,,,,
62,POINT Z (-99.15121872 19.43166238 0.000),11/23/2022,12:13:15.976,Obstacles,Permanent,metallic structure,recolección de datos - centro_20221123_121319045.jpg,,,,,,,,,,,,,,,,,,,
63,POINT Z (-99.15135652 19.43132692 0.000),11/23/2022,12:14:13.218,Obstacles,Mobile,Remodeling work,recolección de datos - centro_20221123_121428386.jpg,,,,,,,,,,,,,,,,,,,
64,POINT Z (-99.15096760 19.43081755 0.000),11/23/2022,12:16:51.611,Physical aspects in poor condition,registro con madera,,recolección de datos - centro_20221123_121655428.jpg,,,,,,,,,,,,,,,,,,,
65,POINT Z (-99.14961107 19.43042011 0.000),11/23/2022,12:23:04.305,Positive elements,Downtown map tourist,,,,,,,,,,,,,,,,,,,,,
66,POINT Z (-99.14926540 19.43038818 0.000),11/23/2022,12:24:32.605,Obstacles,Permanent,discontinuous pedestrian strip,recolección de datos - centro_20221123_122452072.jpg,,,,,,,,,,,,,,,,,,,
67,POINT Z (-99.14802119 19.43077107 0.000),11/23/2022,12:26:46.025,Physical aspects in poor condition,grafitti,,recolección de datos - centro_20221123_122652389.jpg,,,,,,,,,,,,,,,,,,,
68,POINT Z (-99.14825488 19.43101074 0.000),11/23/2022,12:28:07.740,Positive elements,Downtown map tourist,,,,,,,,,,,,,,,,,,,,,
69,POINT Z (-99.14821398 19.42999453 0.000),11/23/2022,12:30:26.677,Physical aspects in poor condition,Grafitti,,recolección de datos - centro_20221123_123034269.jpg,,,,,,,,,,,,,,,,,,,
70,POINT Z (-99.14847549 19.43018140 0.000),11/23/2022,12:32:28.251,Obstacles,Permanent,Informal Commerce on walkside,recolección de datos - centro_20221123_123321560.jpg,,,,,,,,,,,,,,,,,,,
71,POINT Z (-99.15029068 19.43044193 0.000),11/23/2022,12:38:34.675,Positive elements,Downtown map tourist,,,,,,,,,,,,,,,,,,,,,
73,POINT Z (-99.15101957 19.43071448 0.000),11/23/2022,12:41:37.390,Obstacles,Permanent,,recolección de datos - centro_20221123_124142785.jpg,,,,,,,,,,,,,,,,,,,
74,POINT Z (-99.15111177 19.43073914 0.000),11/23/2022,12:42:39.170,Physical aspects in poor condition,grafitti,,recolección de datos - centro_20221123_124245867.jpg,,,,,,,,,,,,,,,,,,,
75,POINT Z (-99.15180646 19.43024811 0.000),11/23/2022,12:44:33.148,Physical aspects in poor condition,Grafitti y business closed,,recolección de datos - centro_20221123_124448458.jpg,,,,,,,,,,,,,,,,,,,
76,POINT Z (-99.15192716 19.43003342 0.000),11/23/2022,12:45:48.671,Physical aspects in poor condition,Unstable  cover,,recolección de datos - centro_20221123_124551312.jpg,,,,,,,,,,,,,,,,,,,
77,POINT Z (-99.15082444 19.43035024 0.000),11/23/2022,12:49:48.535,Physical aspects in poor condition,Cover broken,,recolección de datos - centro_20221123_124953028.jpg,,,,,,,,,,,,,,,,,,,
78,POINT Z (-99.15087070 19.42961575 0.000),11/23/2022,12:54:08.099,Positive elements,Panic button,,,,,,,,,,,,,,,,,,,,,
79,POINT Z (-99.15042713 19.42976246 0.000),11/23/2022,12:58:58.785,Positive elements,guia para el visitante,,,,,,,,,,,,,,,,,,,,,
80,POINT Z (-99.15026855 19.42970491 0.000),11/23/2022,13:02:15.628,Obstacles,Permanent,restricted acces,recolección de datos - centro_20221123_130227930.jpg,,,,,,,,,,,,,,,,,,,
81,POINT Z (-99.14895326 19.42770663 0.000),11/23/2022,13:10:21.695,Obstacles,Permanent,restricted acces,recolección de datos - centro_20221123_131036931.jpg,,,,,,,,,,,,,,,,,,,
82,POINT Z (-99.14893918 19.42773508 0.000),11/23/2022,13:10:57.902,Physical aspects in poor condition,tapa sobrepuesta,,recolección de datos - centro_20221123_131111374.jpg,,,,,,,,,,,,,,,,,,,
83,POINT Z (-99.14940353 19.42736736 0.000),11/23/2022,13:12:38.794,Positive elements,Panic button,,,,,,,,,,,,,,,,,,,,,
84,POINT Z (-99.14953429 19.42737495 0.000),11/23/2022,13:13:52.887,Obstacles,Permanent,Informal commerce // Bus stop,recolección de datos - centro_20221123_131418573.jpg,,,,,,,,,,,,,,,,,,,
85,POINT Z (-99.15063903 19.42802692 0.000),11/23/2022,13:16:53.318,Obstacles,Permanent,restricted acces,recolección de datos - centro_20221123_131707943.jpg,,,,,,,,,,,,,,,,,,,
86,POINT Z (-99.15047240 19.42854863 0.000),11/23/2022,13:18:39.589,Positive elements,etiqueta de vigilancia,,,,,,,,,,,,,,,,,,,,,
87,POINT Z (-99.15033493 19.42946904 0.000),11/23/2022,13:20:54.728,Positive elements,Panic button,,,,,,,,,,,,,,,,,,,,,
88,POINT Z (-99.15110037 19.42858025 0.000),11/23/2022,13:24:39.757,Physical aspects in poor condition,fachada trasera con grafitti,,recolección de datos - centro_20221123_132459793.jpg,,,,,,,,,,,,,,,,,,,
89,POINT Z (-99.15119123 19.42825458 0.000),11/23/2022,13:25:51.254,Obstacles,Permanent,uncovered drain,recolección de datos - centro_20221123_132610086.jpg,,,,,,,,,,,,,,,,,,,
90,POINT Z (-99.15120229 19.42820936 0.000),11/23/2022,13:26:51.292,Obstacles,Permanent,low headroom cabling,recolección de datos - centro_20221123_132711138.jpg,,,,,,,,,,,,,,,,,,,
91,POINT Z (-99.15143296 19.42751344 0.000),11/23/2022,13:28:55.658,Obstacles,Mobile,Informal Commerce on walkside,recolección de datos - centro_20221123_140021222.jpg,,,,,,,,,,,,,,,,,,,
92,POINT Z (-99.15115133 19.42822517 0.000),11/23/2022,13:30:54.780,Physical aspects in poor condition,fachada trasera con grafitti,,recolección de datos - centro_20221123_133128727.jpg,,,,,,,,,,,,,,,,,,,
93,POINT Z (-99.15112719 19.42889896 0.000),11/23/2022,13:32:29.651,Physical aspects in poor condition,grafitti,,recolección de datos - centro_20221123_133236870.jpg,,,,,,,,,,,,,,,,,,,
94,POINT Z (-99.15098168 19.42927079 0.000),11/23/2022,13:33:10.458,Obstacles,Mobile,Informal Commerce on walkside,,,,,,,,,,,,,,,,,,,,
95,POINT Z (-99.15164016 19.42940106 0.000),11/23/2022,13:34:40.155,Positive elements,Police presence,,,,,,,,,,,,,,,,,,,,,
96,POINT Z (-99.15222120 19.42932328 0.000),11/23/2022,13:36:18.274,Obstacles,Permanent,metallic structure,recolección de datos - centro_20221123_133630780.jpg,,,,,,,,,,,,,,,,,,,
97,POINT Z (-99.15268455 19.42756908 0.000),11/23/2022,13:40:58.398,Positive elements,Police presence,,,,,,,,,,,,,,,,,,,,,
98,POINT Z (-99.15191744 19.42756055 0.000),11/23/2022,13:42:15.974,Physical aspects in poor condition,grafitti,,recolección de datos - centro_20221123_134225192.jpg,,,,,,,,,,,,,,,,,,,
99,POINT Z (-99.15100381 19.42746127 0.000),11/23/2022,13:45:08.899,Obstacles,Permanent,Informal Commerce on walkside,recolección de datos - centro_20221123_134529736.jpg,,,,,,,,,,,,,,,,,,,
100,POINT Z (-99.15083818 19.42735092 0.000),11/23/2022,13:45:56.470,Physical aspects in poor condition,grafitti,,recolección de datos - centro_20221123_134605300.jpg,,,,,,,,,,,,,,,,,,,
101,POINT Z (-99.15176287 19.42660471 0.000),11/23/2022,13:47:57.527,Physical aspects in poor condition,grafitti,,recolección de datos - centro_20221123_134804938.jpg,,,,,,,,,,,,,,,,,,,
102,POINT Z (-99.15240593 19.42648583 0.000),11/23/2022,13:49:17.552,Physical aspects in poor condition,grafitti,,recolección de datos - centro_20221123_134927294.jpg,,,,,,,,,,,,,,,,,,,
103,POINT Z (-99.15260140 19.42716342 0.000),11/23/2022,13:52:05.178,Physical aspects in poor condition,grafitti,,recolección de datos - centro_20221123_135217874.jpg,,,,,,,,,,,,,,,,,,,
104,POINT Z (-99.15270802 19.42704137 0.000),11/23/2022,13:53:00.436,Obstacles,Permanent,Narrow pedestrian strip,recolección de datos - centro_20221123_135338568.jpg,,,,,,,,,,,,,,,,,,,
105,POINT Z (-99.15354788 19.42605265 0.000),11/23/2022,13:56:57.049,Incivility,grupo drogandose,,,,,,,,,,,,,,,,,,,,,
106,POINT Z (-99.15298797 19.42751186 0.000),11/23/2022,13:57:42.754,Positive elements,Panic button,,,,,,,,,,,,,,,,,,,,,
107,POINT Z (-99.15139139 19.42741858 0.000),11/23/2022,14:00:57.987,Positive elements,Panic button,,,,,,,,,,,,,,,,,,,,,
108,POINT Z (-99.15028062 19.42734744 0.000),11/23/2022,14:07:33.219,Obstacles,Mobile,improperly parked vehicle,recolección de datos - centro_20221123_140809118.jpg,,,,,,,,,,,,,,,,,,,
109,POINT Z (-99.15088613 19.42740372 0.000),11/23/2022,14:09:35.069,Physical aspects in poor condition,grafitti,,recolección de datos - centro_20221123_140942409.jpg,,,,,,,,,,,,,,,,,,,
110,POINT Z (-99.15033627 19.42769935 0.000),11/23/2022,14:10:52.418,Positive elements,Map of areas of interest,,,,,,,,,,,,,,,,,,,,,
111,POINT Z (-99.14957620 19.42764782 0.000),11/23/2022,14:12:58.998,Positive elements,placa con sitios de interes,,,,,,,,,,,,,,,,,,,,,
112,POINT Z (-99.14863475 19.42805917 0.000),11/24/2022,11:39:30.518,Positive elements,Panic button,,,,,,,,,,,,,,,,,,,,,
113,POINT Z (-99.14836351 19.42940074 0.000),11/24/2022,11:42:05.233,Positive elements,Signal security,CCTV // Respect for pedestrian,,,,,,,,,,,,,,,,,,,,
114,POINT Z (-99.14833065 19.42960278 0.000),11/24/2022,11:43:48.834,Positive elements,Panic button,,,,,,,,,,,,,,,,,,,,,
115,POINT Z (-99.14705928 19.42877565 0.000),11/24/2022,11:46:51.548,Physical aspects in poor condition,grafitti,,recolección de datos - centro_20221124_114703574.jpg,,,,,,,,,,,,,,,,,,,
116,POINT Z (-99.14716724 19.42829789 0.000),11/24/2022,11:48:35.954,Physical aspects in poor condition,grafitti,,recolección de datos - centro_20221124_114845000.jpg,,,,,,,,,,,,,,,,,,,
117,POINT Z (-99.14735131 19.42791784 0.000),11/24/2022,11:49:32.226,Physical aspects in poor condition,grafitti,,recolección de datos - centro_20221124_114941390.jpg,,,,,,,,,,,,,,,,,,,
118,POINT Z (-99.14822370 19.42744419 0.000),11/24/2022,11:52:51.971,Positive elements,Presence policial,,secretaria de seguridad pÃºblica,,,,,,,,,,,,,,,,,,,
119,POINT Z (-99.14734896 19.42747518 0.000),11/24/2022,11:56:05.045,Physical aspects in poor condition,grafitti,,recolección de datos - centro_20221124_115607816.jpg,,,,,,,,,,,,,,,,,,,
120,POINT Z (-99.14704185 19.42887366 0.000),11/24/2022,11:58:31.080,Positive elements,Panic button,,,,,,,,,,,,,,,,,,,,,
121,POINT Z (-99.14618857 19.42926826 0.000),11/24/2022,12:00:27.544,Physical aspects in poor condition,grafitti,,recolección de datos - centro_20221124_120031850.jpg,,,,,,,,,,,,,,,,,,,
122,POINT Z (-99.14583653 19.42921767 0.000),11/24/2022,12:01:17.144,Positive elements,Panic button,,,,,,,,,,,,,,,,,,,,,
123,POINT Z (-99.14595891 19.42849330 0.000),11/24/2022,12:02:32.914,Positive elements,Panic button,,,,,,,,,,,,,,,,,,,,,
124,POINT Z (-99.14608028 19.42742807 0.000),11/24/2022,12:04:46.776,Physical aspects in poor condition,Vacant lots,,recolección de datos - centro_20221124_120458953.jpg,,,,,,,,,,,,,,,,,,,
125,POINT Z (-99.14706264 19.42738696 0.000),11/24/2022,12:07:25.747,Poor infrastructure,Discontinuous pedestrian strip,,recolección de datos - centro_20221124_120743943.jpg,,,,,,,,,,,,,,,,,,,
126,POINT Z (-99.14695401 19.42734175 0.000),11/24/2022,12:08:12.176,Poor infrastructure,Discontinuous pedestrian strip,,recolección de datos - centro_20221124_120826945.jpg,,,,,,,,,,,,,,,,,,,
127,POINT Z (-99.14672200 19.42734839 0.000),11/24/2022,12:09:02.107,Physical aspects in poor condition,broken manhole cover,,recolección de datos - centro_20221124_120911928.jpg,,,,,,,,,,,,,,,,,,,
128,POINT Z (-99.14590728 19.42832635 0.000),11/24/2022,12:11:49.572,Physical aspects in poor condition,grafitti,,,,,,,,,,,,,,,,,,,,,
129,POINT Z (-99.14589118 19.42855369 0.000),11/24/2022,12:12:26.012,Poor infrastructure,Discontinuous pedestrian strip,,recolección de datos - centro_20221124_121239428.jpg,,,,,,,,,,,,,,,,,,,
130,POINT Z (-99.14582748 19.42928755 0.000),11/24/2022,12:13:55.783,Poor infrastructure,broken manhole cover,,recolección de datos - centro_20221124_121409884.jpg,,,,,,,,,,,,,,,,,,,
131,POINT Z (-99.14592136 19.42930399 0.000),11/24/2022,12:14:32.826,Poor infrastructure,Manhole cover  inestable,,recolección de datos - centro_20221124_121443829.jpg,,,,,,,,,,,,,,,,,,,
132,POINT Z (-99.14597165 19.42931190 0.000),11/24/2022,12:14:57.133,Poor infrastructure,broken manhole cover,,recolección de datos - centro_20221124_121505615.jpg,,,,,,,,,,,,,,,,,,,
133,POINT Z (-99.14737813 19.42952342 0.000),11/24/2022,12:17:18.425,Positive elements,Panic button,,,,,,,,,,,,,,,,,,,,,
134,POINT Z (-99.14830551 19.42966159 0.000),11/24/2022,12:18:53.610,Poor infrastructure,Discontinuous pedestrian strip,,recolección de datos - centro_20221124_121859739.jpg,,,,,,,,,,,,,,,,,,,
135,POINT Z (-99.14822370 19.43002615 0.000),11/24/2022,12:20:09.973,Physical aspects in poor condition,Abandoned building,,recolección de datos - centro_20221124_122019929.jpg,,,,,,,,,,,,,,,,,,,
136,POINT Z (-99.14803494 19.43011437 0.000),11/24/2022,12:21:13.629,Poor infrastructure,,,recolección de datos - centro_20221124_122117668.jpg,,,,,,,,,,,,,,,,,,,
137,POINT Z (-99.14761283 19.43013808 0.000),11/24/2022,12:23:25.433,Positive elements,Panic button,,,,,,,,,,,,,,,,,,,,,
138,POINT Z (-99.14743781 19.43012701 0.000),11/24/2022,12:25:54.609,Positive elements,map area,,mapa del centro histÃ³rico,,,,,,,,,,,,,,,,,,,
139,POINT Z (-99.14685510 19.42984719 0.000),11/24/2022,12:29:27.114,Poor infrastructure,Discontinuous pedestrian strip,,recolección de datos - centro_20221124_122941648.jpg,,,,,,,,,,,,,,,,,,,
140,POINT Z (-99.14632134 19.42991517 0.000),11/24/2022,12:31:01.254,Poor infrastructure,Discontinuous pedestrian strip,,recolección de datos - centro_20221124_123111968.jpg,,,,,,,,,,,,,,,,,,,
141,POINT Z (-99.14683532 19.43029838 0.000),11/24/2022,12:37:56.159,Positive elements,Panic button,,,,,,,,,,,,,,,,,,,,,
142,POINT Z (-99.14693356 19.43032684 0.000),11/24/2022,12:38:12.283,Incivility,Homelessness,,,,,,,,,,,,,,,,,,,,,
143,POINT Z (-99.14768022 19.43014946 0.000),11/24/2022,12:40:21.409,Poor infrastructure,Manhole cover  inestable,,recolección de datos - centro_20221124_124027078.jpg,,,,,,,,,,,,,,,,,,,
144,POINT Z (-99.14806075 19.43022029 0.000),11/24/2022,12:41:07.988,Physical aspects in poor condition,grafitti,,recolección de datos - centro_20221124_124115336.jpg,,,,,,,,,,,,,,,,,,,
145,POINT Z (-99.14799940 19.43118306 0.000),11/24/2022,12:43:29.665,Poor infrastructure,presence of holes,,recolección de datos - centro_20221124_124357146.jpg,,,,,,,,,,,,,,,,,,,
146,POINT Z (-99.14797492 19.43123048 0.000),11/24/2022,12:46:02.663,Physical aspects in poor condition,Abandoned building,,,,,,,,,,,,,,,,,,,,,
147,POINT Z (-99.14678771 19.43037142 0.000),11/24/2022,12:48:28.505,Poor infrastructure,broken manhole cover,,recolección de datos - centro_20221124_124837781.jpg,,,,,,,,,,,,,,,,,,,
148,POINT Z (-99.14665192 19.43080079 0.000),11/24/2022,12:49:29.626,Poor infrastructure,Discontinuous pedestrian strip,,recolección de datos - centro_20221124_124945353.jpg,,,,,,,,,,,,,,,,,,,
149,POINT Z (-99.14592739 19.43025349 0.000),11/24/2022,12:52:58.803,Physical aspects in poor condition,Vacant lots,,recolección de datos - centro_20221124_125308086.jpg,,,,,,,,,,,,,,,,,,,
150,POINT Z (-99.14640382 19.43034075 0.000),11/24/2022,12:54:00.569,Physical aspects in poor condition,grafitti,,recolección de datos - centro_20221124_125402905.jpg,,,,,,,,,,,,,,,,,,,
151,POINT Z (-99.14570678 19.43013776 0.000),11/24/2022,12:56:06.853,Poor infrastructure,broken manhole cover,,recolección de datos - centro_20221124_125614265.jpg,,,,,,,,,,,,,,,,,,,
152,POINT Z (-99.14667405 19.43109705 0.000),11/24/2022,13:00:23.232,Poor infrastructure,without manhole cover,,recolección de datos - centro_20221124_130040071.jpg,,,,,,,,,,,,,,,,,,,
153,POINT Z (-99.14789211 19.43159282 0.000),11/24/2022,13:03:17.512,Poor infrastructure,without manhole cover,,recolección de datos - centro_20221124_130322874.jpg,,,,,,,,,,,,,,,,,,,
154,POINT Z (-99.14787970 19.43165163 0.000),11/24/2022,13:04:48.037,Physical aspects in poor condition,grafitti,,,,,,,,,,,,,,,,,,,,,
155,POINT Z (-99.14780159 19.43212969 0.000),11/24/2022,13:06:14.502,Incivility,Drug addicts,,,,,,,,,,,,,,,,,,,,,
156,POINT Z (-99.14538324 19.43183502 0.000),11/24/2022,13:14:03.617,Poor infrastructure,"hole in crossing // Risky intersections for pedestrians
",,recolección de datos - centro_20221124_131409580.jpg,,,,,,,,,,,,,,,,,,,
157,POINT Z (-99.14639611 19.43198046 0.000),11/24/2022,13:16:23.477,Positive elements,Panic button,,,,,,,,,,,,,,,,,,,,,
158,POINT Z (-99.14771844 19.43258056 0.000),11/24/2022,13:19:29.895,Poor infrastructure,Discontinuous pedestrian strip,,recolección de datos - centro_20221124_131934621.jpg,,,,,,,,,,,,,,,,,,,
159,POINT Z (-99.14630894 19.43238801 0.000),11/24/2022,13:24:43.784,Poor infrastructure,without manhole cover,,recolección de datos - centro_20221124_132454480.jpg,,,,,,,,,,,,,,,,,,,
160,POINT Z (-99.14523169 19.43252555 0.000),11/24/2022,13:27:15.891,Poor infrastructure,broken manhole cover,,recolección de datos - centro_20221124_132720951.jpg,,,,,,,,,,,,,,,,,,,
161,POINT Z (-99.14534569 19.43185873 0.000),11/24/2022,13:28:35.625,Poor infrastructure,Discontinuous pedestrian strip,,recolección de datos - centro_20221124_132840781.jpg,,,,,,,,,,,,,,,,,,,
162,POINT Z (-99.14530244 19.43180340 0.000),11/24/2022,13:29:27.635,Poor infrastructure,cracked floor,,recolección de datos - centro_20221124_132932270.jpg,,,,,,,,,,,,,,,,,,,
163,POINT Z (-99.14547075 19.43264253 0.000),11/24/2022,13:32:04.761,Poor infrastructure,,,recolección de datos - centro_20221124_133210743.jpg,,,,,,,,,,,,,,,,,,,
164,POINT Z (-99.14665628 19.43282212 0.000),11/24/2022,13:34:22.773,Positive elements,Panic button,,,,,,,,,,,,,,,,,,,,,
165,POINT Z (-99.14652485 19.43373018 0.000),11/24/2022,13:41:01.953,Physical aspects in poor condition,grafitti,,recolección de datos - centro_20221124_134116535.jpg,,,,,,,,,,,,,,,,,,,
166,POINT Z (-99.14676692 19.43372733 0.000),11/24/2022,13:41:33.943,Positive elements,Panic button,,,,,,,,,,,,,,,,,,,,,
167,POINT Z (-99.14630424 19.43277691 0.000),11/24/2022,13:45:40.096,Poor infrastructure,Discontinuous pedestrian strip,,recolección de datos - centro_20221124_134558767.jpg,,,,,,,,,,,,,,,,,,,
168,POINT Z (-99.14596763 19.43354648 0.000),11/24/2022,13:47:59.013,Incivility,Drug addicts,,,,,,,,,,,,,,,,,,,,,
169,POINT Z (-99.14507546 19.43333085 0.000),11/24/2022,13:49:35.713,Poor infrastructure,without manhole cover,,recolección de datos - centro_20221124_134949567.jpg,,,,,,,,,,,,,,,,,,,
170,POINT Z (-99.14502751 19.43316169 0.000),11/24/2022,13:50:05.312,Physical aspects in poor condition,Abandoned building,,recolección de datos - centro_20221124_135015851.jpg,,,,,,,,,,,,,,,,,,,
171,POINT Z (-99.14516330 19.43300708 0.000),11/24/2022,13:51:03.467,Poor infrastructure,Inestable manhole cover,,recolección de datos - centro_20221124_135109681.jpg,,,,,,,,,,,,,,,,,,,
173,POINT Z (-99.14662141 19.43506348 0.000),11/25/2022,12:00:15.558,Poor infrastructure,hoyos en banqueta,,recolección de datos - centro_20221125_120034605.jpg,,,,,,,,,,,,,,,,,,,
174,POINT Z (-99.14669316 19.43398786 0.000),11/25/2022,12:03:51.987,Poor infrastructure,broken manhole cover,,recolección de datos - centro_20221125_120400494.jpg,,,,,,,,,,,,,,,,,,,
175,POINT Z (-99.14665360 19.43426166 0.000),11/25/2022,12:04:34.398,Poor infrastructure,broken manhole cover,,recolección de datos - centro_20221125_120446191.jpg,,,,,,,,,,,,,,,,,,,
176,POINT Z (-99.14589353 19.43466320 0.000),11/25/2022,12:07:35.415,Poor infrastructure,Discontinuous pedestrian strip,,recolección de datos - centro_20221125_120741437.jpg,,,,,,,,,,,,,,,,,,,
177,POINT Z (-99.14575204 19.43488800 0.000),11/25/2022,12:10:13.958,Poor infrastructure,Discontinuous pedestrian strip,,recolección de datos - centro_20221125_121027687.jpg,,,,,,,,,,,,,,,,,,,
178,POINT Z (-99.14543688 19.43493069 0.000),11/25/2022,12:11:27.132,Poor infrastructure,broken manhole cover,,recolección de datos - centro_20221125_121139967.jpg,,,,,,,,,,,,,,,,,,,
179,POINT Z (-99.14273120 19.43447761 0.000),11/25/2022,12:25:56.114,Obstacles,Informal Commerce ,,,,,,,,,,,,,,,,,,,,,
180,POINT Z (-99.14268661 19.43447603 0.000),11/25/2022,12:26:19.159,Obstacles,Informal Commerce s,,,,,,,,,,,,,,,,,,,,,
181,POINT Z (-99.14194431 19.43431225 0.000),11/25/2022,12:27:33.247,Positive elements,Panic button,,,,,,,,,,,,,,,,,,,,,
182,POINT Z (-99.14199896 19.43388795 0.000),11/25/2022,12:28:32.466,Poor infrastructure,Discontinuous pedestrian strip,,recolección de datos - centro_20221125_122843980.jpg,,,,,,,,,,,,,,,,,,,
183,POINT Z (-99.14200868 19.43307000 0.000),11/25/2022,12:30:42.612,Poor infrastructure,Discontinuous pedestrian strip,,,,,,,,,,,,,,,,,,,,,
184,POINT Z (-99.14188195 19.43345637 0.000),11/25/2022,12:31:51.998,Incivility,Homelessness,,,,,,,,,,,,,,,,,,,,,
185,POINT Z (-99.14183937 19.43425755 0.000),11/25/2022,12:33:34.421,Poor infrastructure,Inestable manhole cover,,,,,,,,,,,,,,,,,,,,,
186,POINT Z (-99.14099749 19.43417978 0.000),11/25/2022,12:35:28.552,Positive elements,Panic button,,,,,,,,,,,,,,,,,,,,,
187,POINT Z (-99.14094351 19.43349210 0.000),11/25/2022,12:38:37.227,Poor infrastructure,Discontinuous pedestrian strip,,,,,,,,,,,,,,,,,,,,,
188,POINT Z (-99.13954005 19.43292867 0.000),11/25/2022,12:42:19.219,Poor infrastructure,Inestable manhole cover,,recolección de datos - centro_20221125_124231870.jpg,,,,,,,,,,,,,,,,,,,
189,POINT Z (-99.13960878 19.43277817 0.000),11/25/2022,12:42:46.262,Positive elements,area map,,,,,,,,,,,,,,,,,,,,,
190,POINT Z (-99.14033130 19.43403276 0.000),11/25/2022,12:45:58.474,Positive elements,area map,,,,,,,,,,,,,,,,,,,,,
191,POINT Z (-99.14079197 19.43412097 0.000),11/25/2022,12:46:11.225,Positive elements,area map,,,,,,,,,,,,,,,,,,,,,
192,POINT Z (-99.14033700 19.43408208 0.000),11/25/2022,12:47:04.455,Positive elements,area map,,,,,,,,,,,,,,,,,,,,,
193,POINT Z (-99.13848728 19.43379341 0.000),11/25/2022,12:55:54.250,Positive elements,area map,,,,,,,,,,,,,,,,,,,,,
194,POINT Z (-99.13859289 19.43254104 0.000),11/25/2022,12:58:22.900,Positive elements,Panic button,,,,,,,,,,,,,,,,,,,,,
195.00,POINT Z (-99.14580703 19.42733005 0.000),11/28/2022,10:45:40.142,aspectos positivos,Panic button,,,,,,,,,,,,,,,,,,,,,
196.00,POINT Z (-99.14575573 19.42729274 0.000),11/28/2022,10:46:08.846,Physical aspects in poor condition,facade in poor condition,recolección de datos - centro_20221128_104620095.jpg,,,,,,,,,,,,,,,,,,,,
197.00,POINT Z (-99.14542984 19.42722444 0.000),11/28/2022,10:47:36.813,Poor infrastructure,Discontinuous pedestrian strip,recolección de datos - centro_20221128_104748193.jpg,,,,,,,,,,,,,,,,,,,,
198.00,POINT Z (-99.14384063 19.42815498 0.000),11/28/2022,10:52:00.937,Obstacles,Permanent pole,recolección de datos - centro_20221128_105220734.jpg,,,,,,,,,,,,,,,,,,,,
199.00,POINT Z (-99.14426643 19.42818849 0.000),11/28/2022,10:53:13.985,Obstacles,Permanent pole,recolección de datos - centro_20221128_105323769.jpg,,,,,,,,,,,,,,,,,,,,
200.00,POINT Z (-99.14465234 19.42824541 0.000),11/28/2022,10:54:09.680,Obstacles,Permanent pole,,,,,,,,,,,,,,,,,,,,,
201.00,POINT Z (-99.14495274 19.42830769 0.000),11/28/2022,10:55:00.682,Obstacles,Permanent pole,,,,,,,,,,,,,,,,,,,,,
202.00,POINT Z (-99.14524209 19.42837599 0.000),11/28/2022,10:55:47.181,Obstacles,Permanent pole,,,,,,,,,,,,,,,,,,,,,
203.00,POINT Z (-99.14578389 19.42845693 0.000),11/28/2022,10:57:18.531,Physical aspects in poor condition,trash on the street,recolección de datos - centro_20221128_105731133.jpg,,,,,,,,,,,,,,,,,,,,
204.00,POINT Z (-99.14533898 19.42844871 0.000),11/28/2022,10:58:34.970,Obstacles,Planters,recolección de datos - centro_20221128_105850284.jpg,,,,,,,,,,,,,,,,,,,,
205.00,POINT Z (-99.14461680 19.42833678 0.000),11/28/2022,11:00:02.505,Poor infrastructure,Discontinuous pedestrian strip,recolección de datos - centro_20221128_110006471.jpg,,,,,,,,,,,,,,,,,,,,
206.00,POINT Z (-99.14357174 19.42853693 0.000),11/28/2022,11:02:19.860,Physical aspects in poor condition,grafitti,recolección de datos - centro_20221128_110226467.jpg,,,,,,,,,,,,,,,,,,,,
207.00,POINT Z (-99.14346647 19.42885280 0.000),11/28/2022,11:03:14.662,Physical aspects in poor condition,grafitti,recolección de datos - centro_20221128_110322834.jpg,,,,,,,,,,,,,,,,,,,,
208.00,POINT Z (-99.14546605 19.42987723 0.000),11/28/2022,11:07:23.115,Physical aspects in poor condition,grafitti,recolección de datos - centro_20221128_110732114.jpg,,,,,,,,,,,,,,,,,,,,
209.00,POINT Z (-99.14339941 19.42956041 0.000),11/28/2022,11:12:11.029,aspectos positivos,Panic button,,,,,,,,,,,,,,,,,,,,,
210.00,POINT Z (-99.14342288 19.42937007 0.000),11/28/2022,11:14:37.041,Poor infrastructure,Discontinuous pedestrian strip,recolección de datos - centro_20221128_111451767.jpg,,,,,,,,,,,,,,,,,,,,
211.00,POINT Z (-99.14359957 19.42845219 0.000),11/28/2022,11:16:30.145,Poor infrastructure,incomplete manhole,recolección de datos - centro_20221128_111653006.jpg,,,,,,,,,,,,,,,,,,,,
212.00,POINT Z (-99.14359856 19.42820209 0.000),11/28/2022,11:17:48.102,aspectos positivos,Panic button,,,,,,,,,,,,,,,,,,,,,
213.00,POINT Z (-99.14361063 19.42702714 0.000),11/28/2022,11:21:13.235,Poor infrastructure,incomplete manhole,recolección de datos - centro_20221128_112123468.jpg,,,,,,,,,,,,,,,,,,,,
214.00,POINT Z (-99.14323546 19.42704074 0.000),11/28/2022,11:22:35.670,Obstacles,movil Informal Commerce ,,,,,,,,,,,,,,,,,,,,,
215.00,POINT Z (-99.14319087 19.42742237 0.000),11/28/2022,11:23:08.440,Poor infrastructure,incomplete manhole,recolección de datos - centro_20221128_112317805.jpg,,,,,,,,,,,,,,,,,,,,
216.00,POINT Z (-99.14305005 19.42797760 0.000),11/28/2022,11:24:41.406,Poor infrastructure,incomplete manhole,recolección de datos - centro_20221128_112453088.jpg,,,,,,,,,,,,,,,,,,,,
217.00,POINT Z (-99.14314426 19.42719915 0.000),11/28/2022,11:26:00.805,Obstacles,vehicles parked on the sidewalk,recolección de datos - centro_20221128_112606731.jpg,,,,,,,,,,,,,,,,,,,,
218.00,POINT Z (-99.14297394 19.42701892 0.000),11/28/2022,11:32:19.696,Poor infrastructure,Inestable manhole cover,,,,,,,,,,,,,,,,,,,,,
219.00,POINT Z (-99.14291997 19.42729685 0.000),11/28/2022,11:32:40.475,Obstacles,moviles Informal Commerce ,,,,,,,,,,,,,,,,,,,,,
220.00,POINT Z (-99.14278015 19.42786598 0.000),11/28/2022,11:32:45.721,Obstacles,moviles Informal Commerce ,,,,,,,,,,,,,,,,,,,,,
221.00,POINT Z (-99.14206468 19.42711156 0.000),11/28/2022,11:33:55.733,aspectos positivos,Panic button,,,,,,,,,,,,,,,,,,,,,
222.00,POINT Z (-99.14186854 19.42791436 0.000),11/28/2022,11:39:44.361,aspectos positivos,Panic button,,,,,,,,,,,,,,,,,,,,,
223.00,POINT Z (-99.14184574 19.42799847 0.000),11/28/2022,11:39:56.339,Poor infrastructure,broken manhole cover,,,,,,,,,,,,,,,,,,,,,
224.00,POINT Z (-99.14259575 19.42839401 0.000),11/28/2022,11:43:05.300,,,,,,,,,,,,,,,,,,,,,,,
225.00,POINT Z (-99.14186250 19.42899476 0.000),11/28/2022,11:43:08.630,Poor infrastructure,Inestable manhole cover,recolección de datos - centro_20221128_114312681.jpg,,,,,,,,,,,,,,,,,,,,
226.00,POINT Z (-99.14299775 19.42825521 0.000),11/28/2022,11:49:20.667,Obstacles,vehicle abandoned,,,,,,,,,,,,,,,,,,,,,
227.00,POINT Z (-99.14301854 19.42867605 0.000),11/28/2022,11:50:21.938,Physical aspects in poor condition,grafitti,recolección de datos - centro_20221128_115028372.jpg,,,,,,,,,,,,,,,,,,,,
228.00,POINT Z (-99.14292097 19.42887525 0.000),11/28/2022,11:51:04.812,Physical aspects in poor condition,grafitti,,,,,,,,,,,,,,,,,,,,,
229.00,POINT Z (-99.14295115 19.42901532 0.000),11/28/2022,11:51:19.959,Physical aspects in poor condition,grafitti,recolección de datos - centro_20221128_115122329.jpg,,,,,,,,,,,,,,,,,,,,
230.00,POINT Z (-99.14281636 19.43027246 0.000),11/28/2022,11:55:20.060,Physical aspects in poor condition,grafitti //  parking lot,,,,,,,,,,,,,,,,,,,,,
231.00,POINT Z (-99.14364181 19.43057978 0.000),11/28/2022,12:03:22.715,aspectos positivos,Panic button,,,,,,,,,,,,,,,,,,,,,
232.00,POINT Z (-99.14536748 19.43091905 0.000),11/28/2022,12:06:31.945,aspectos positivos,Panic button,,,,,,,,,,,,,,,,,,,,,
233.00,POINT Z (-99.14490011 19.43086182 0.000),11/28/2022,12:07:39.888,Poor infrastructure,broken manhole cover,recolección de datos - centro_20221128_120744375.jpg,,,,,,,,,,,,,,,,,,,,
234.00,POINT Z (-99.14370921 19.43102781 0.000),11/28/2022,12:11:51.113,Physical aspects in poor condition,grafitti,,,,,,,,,,,,,,,,,,,,,
235.00,POINT Z (-99.14313521 19.43135980 0.000),11/28/2022,12:13:59.481,aspectos positivos,Panic button,,,,,,,,,,,,,,,,,,,,,
236.00,POINT Z (-99.14332062 19.43055006 0.000),11/28/2022,12:15:17.818,aspectos positivos,señalización de lugares de interés,,,,,,,,,,,,,,,,,,,,,
237.00,POINT Z (-99.14322272 19.43062405 0.000),11/28/2022,12:15:52.540,Obstacles,movil Informal Commerce ,,,,,,,,,,,,,,,,,,,,,
238.00,POINT Z (-99.14299943 19.43057725 0.000),11/28/2022,12:16:34.702,Poor infrastructure,ausencia de tapa,recolección de datos - centro_20221128_121638073.jpg,,,,,,,,,,,,,,,,,,,,
239.00,POINT Z (-99.14266415 19.43109737 0.000),11/28/2022,12:18:36.621,Obstacles,fijo poste,,,,,,,,,,,,,,,,,,,,,
240.00,POINT Z (-99.14265946 19.43067148 0.000),11/28/2022,12:20:08.885,Obstacles,movil vehiculo,,,,,,,,,,,,,,,,,,,,,
241.00,POINT Z (-99.14241605 19.43042486 0.000),11/28/2022,12:25:19.673,aspectos positivos,Panic button,,,,,,,,,,,,,,,,,,,,,
242.00,POINT Z (-99.14243583 19.43044541 0.000),11/28/2022,12:27:32.197,Obstacles,moviles Informal Commerce ,,,,,,,,,,,,,,,,,,,,,
243.00,POINT Z (-99.14249618 19.43045300 0.000),11/28/2022,12:27:34.104,Obstacles,moviles Informal Commerce ,,,,,,,,,,,,,,,,,,,,,
244.00,POINT Z (-99.14267890 19.42922684 0.000),11/28/2022,12:31:49.491,aspectos positivos,Panic button,,,,,,,,,,,,,,,,,,,,,
245.00,POINT Z (-99.14261553 19.42984593 0.000),11/28/2022,12:33:14.117,Poor infrastructure,Inestable manhole cover,recolección de datos - centro_20221128_123318307.jpg,,,,,,,,,,,,,,,,,,,,
246.00,POINT Z (-99.14187759 19.42911396 0.000),11/28/2022,12:37:52.975,Physical aspects in poor condition,grafitti,,,,,,,,,,,,,,,,,,,,,
247.00,POINT Z (-99.14154936 19.43011531 0.000),11/28/2022,12:38:06.541,Poor infrastructure,Discontinuous pedestrian strip,,,,,,,,,,,,,,,,,,,,,
248.00,POINT Z (-99.14150376 19.43070879 0.000),11/28/2022,12:39:09.007,Physical aspects in poor condition,grafitti,recolección de datos - centro_20221128_123917359.jpg,,,,,,,,,,,,,,,,,,,,
249.00,POINT Z (-99.14356671 19.43148564 0.000),11/28/2022,12:46:38.288,aspectos positivos,Panic button,,,,,,,,,,,,,,,,,,,,,
250.00,POINT Z (-99.14317779 19.43153433 0.000),11/28/2022,13:00:48.912,Obstacles,movil Informal Commerce ,,,,,,,,,,,,,,,,,,,,,
251.00,POINT Z (-99.14300043 19.43220905 0.000),11/28/2022,13:02:09.239,aspectos positivos,Panic button,,,,,,,,,,,,,,,,,,,,,
252.00,POINT Z (-99.14307989 19.43222613 0.000),11/28/2022,13:02:18.704,Poor infrastructure,Inestable manhole cover,,,,,,,,,,,,,,,,,,,,,
253.00,POINT Z (-99.14297696 19.43224099 0.000),11/28/2022,13:02:36.766,Incivility,basura,,,,,,,,,,,,,,,,,,,,,
254.00,POINT Z (-99.14226383 19.43206330 0.000),11/28/2022,13:06:08.470,Poor infrastructure,broken manhole cover,recolección de datos - centro_20221128_130612810.jpg,,,,,,,,,,,,,,,,,,,,
255.00,POINT Z (-99.14226182 19.43162950 0.000),11/28/2022,13:07:22.194,Poor infrastructure,banqueta rota,recolección de datos - centro_20221128_130727060.jpg,,,,,,,,,,,,,,,,,,,,
256.00,POINT Z (-99.14144341 19.43200480 0.000),11/28/2022,13:12:59.988,Poor infrastructure,broken manhole cover,recolección de datos - centro_20221128_131304802.jpg,,,,,,,,,,,,,,,,,,,,
257.00,POINT Z (-99.14219677 19.43208100 0.000),11/28/2022,13:14:38.898,Poor infrastructure,broken manhole cover,recolección de datos - centro_20221128_131447928.jpg,,,,,,,,,,,,,,,,,,,,
258.00,POINT Z (-99.14432377 19.43240382 0.000),11/28/2022,13:18:33.672,Poor infrastructure,ausencia de tapa,recolección de datos - centro_20221128_131838397.jpg,,,,,,,,,,,,,,,,,,,,
259.00,POINT Z (-99.14349463 19.43238706 0.000),11/28/2022,13:22:20.946,Poor infrastructure,Inestable manhole cover,recolección de datos - centro_20221128_132223332.jpg,,,,,,,,,,,,,,,,,,,,
260.00,POINT Z (-99.14332397 19.43297009 0.000),11/28/2022,13:23:45.158,aspectos positivos,Panic button,,,,,,,,,,,,,,,,,,,,,
261.00,POINT Z (-99.14328843 19.43311996 0.000),11/28/2022,13:24:20.465,aspectos positivos,mapa de la zona,,,,,,,,,,,,,,,,,,,,,
262.00,POINT Z (-99.14509289 19.43343076 0.000),11/28/2022,13:27:51.537,aspectos positivos,Panic button,,,,,,,,,,,,,,,,,,,,,
263.00,POINT Z (-99.14304636 19.43317782 0.000),11/28/2022,13:31:20.566,aspectos positivos,mapa de la zona,,,,,,,,,,,,,,,,,,,,,
264.00,POINT Z (-99.14234899 19.43299222 0.000),11/28/2022,13:33:02.597,aspectos positivos,mapa de la zona,,,,,,,,,,,,,,,,,,,,,
265.00,POINT Z (-99.14317980 19.43310447 0.000),11/28/2022,13:35:23.546,Poor infrastructure,Inestable manhole cover,recolección de datos - centro_20221128_133532445.jpg,,,,,,,,,,,,,,,,,,,,
266.00,POINT Z (-99.14305910 19.43229916 0.000),11/28/2022,13:37:42.405,Poor infrastructure,Inestable manhole cover,recolección de datos - centro_20221128_133753391.jpg,,,,,,,,,,,,,,,,,,,,
267.00,POINT Z (-99.14300278 19.43234153 0.000),11/28/2022,13:38:50.837,aspectos positivos,mapa de la zona,,,,,,,,,,,,,,,,,,,,,
268.00,POINT Z (-99.14215486 19.43285469 0.000),11/28/2022,13:45:49.554,Poor infrastructure,Inestable manhole cover,recolección de datos - centro_20221128_134602324.jpg,,,,,,,,,,,,,,,,,,,,
269.00,POINT Z (-99.14145615 19.43207752 0.000),11/28/2022,13:50:08.130,Incivility,persona en situacion de calle,,,,,,,,,,,,,,,,,,,,,
270.00,POINT Z (-99.14151683 19.43301183 0.000),11/28/2022,13:51:49.192,Incivility,persona en situación de calle,,,,,,,,,,,,,,,,,,,,,
271.00,POINT Z (-99.14111987 19.43325086 0.000),11/28/2022,13:53:13.453,Poor infrastructure,broken manhole cover,recolección de datos - centro_20221128_135316357.jpg,,,,,,,,,,,,,,,,,,,,
272.00,POINT Z (-99.14104644 19.43357304 0.000),11/28/2022,13:54:24.089,Poor infrastructure,broken manhole cover 2,recolección de datos - centro_20221128_135433072.jpg,,,,,,,,,,,,,,,,,,,,
273.00,POINT Z (-99.14085802 19.43485291 0.000),11/28/2022,14:00:48.227,aspectos positivos,Panic button,,,,,,,,,,,,,,,,,,,,,
274.00,POINT Z (-99.14202344 19.43628643 0.000),11/29/2022,11:42:10.681,aspectos positivos,policía,,,,,,,,,,,,,,,,,,,,,
275.00,POINT Z (-99.14375983 19.43664275 0.000),11/29/2022,11:49:49.119,aspectos positivos,Panic button,,,,,,,,,,,,,,,,,,,,,
276.00,POINT Z (-99.14378196 19.43662125 0.000),11/29/2022,11:49:53.613,aspectos positivos,policía,,,,,,,,,,,,,,,,,,,,,
277.00,POINT Z (-99.14292298 19.43557473 0.000),11/29/2022,11:55:49.990,aspectos positivos,Panic button,,,,,,,,,,,,,,,,,,,,,
278.00,POINT Z (-99.14209049 19.43503977 0.000),11/29/2022,12:09:52.430,aspectos positivos,Panic button,,,,,,,,,,,,,,,,,,,,,
279.00,POINT Z (-99.14183702 19.43442829 0.000),11/29/2022,12:12:06.081,aspectos positivos,policía,,,,,,,,,,,,,,,,,,,,,
280.00,POINT Z (-99.14054453 19.43602812 0.000),11/29/2022,12:20:17.572,aspectos positivos,policía,,,,,,,,,,,,,,,,,,,,,
281.00,POINT Z (-99.14030280 19.43774206 0.000),11/29/2022,12:28:39.726,Physical aspects in poor condition,grafitti,,,,,,,,,,,,,,,,,,,,,
282.00,POINT Z (-99.14029475 19.43770729 0.000),11/29/2022,12:29:10.155,Incivility,persona en situación de calle,,,,,,,,,,,,,,,,,,,,,
283.00,POINT Z (-99.14031889 19.43758398 0.000),11/29/2022,12:29:31.411,Physical aspects in poor condition,Abandoned building,,,,,,,,,,,,,,,,,,,,,
284.00,POINT Z (-99.14031923 19.43755395 0.000),11/29/2022,12:29:49.213,Incivility,persona en situación de calle,,,,,,,,,,,,,,,,,,,,,
285.00,POINT Z (-99.14032426 19.43761022 0.000),11/29/2022,12:31:25.814,Incivility,presencia de basura,,,,,,,,,,,,,,,,,,,,,
286.00,POINT Z (-99.14032526 19.43756406 0.000),11/29/2022,12:32:04.451,Incivility,drogadiccion,,,,,,,,,,,,,,,,,,,,,
287.00,POINT Z (-99.14022334 19.43803736 0.000),11/29/2022,12:32:22.991,Physical aspects in poor condition,grafitti,,,,,,,,,,,,,,,,,,,,,
288.00,POINT Z (-99.14009225 19.43874684 0.000),11/29/2022,12:33:38.293,aspectos positivos,Panic button,,,,,,,,,,,,,,,,,,,,,
289.00,POINT Z (-99.13994908 19.43923658 0.000),11/29/2022,12:34:57.520,Incivility,personas en situación de calle,,,,,,,,,,,,,,,,,,,,,
290.00,POINT Z (-99.14001781 19.43942217 0.000),11/29/2022,12:36:01.534,Physical aspects in poor condition,Abandoned building,recolección de datos - centro_20221129_123610281.jpg,,,,,,,,,,,,,,,,,,,,
291.00,POINT Z (-99.13995277 19.43969881 0.000),11/29/2022,12:37:11.441,aspectos positivos,Panic button,,,,,,,,,,,,,,,,,,,,,
292.00,POINT Z (-99.13988873 19.44021320 0.000),11/29/2022,12:39:13.391,Physical aspects in poor condition,Abandoned building,,,,,,,,,,,,,,,,,,,,,
293.00,POINT Z (-99.13973518 19.44089516 0.000),11/29/2022,12:39:37.899,aspectos positivos,Panic button,,,,,,,,,,,,,,,,,,,,,
294.00,POINT Z (-99.13932279 19.44074277 0.000),11/29/2022,12:41:28.214,Incivility,persona en situación de calle,,,,,,,,,,,,,,,,,,,,,
295.00,POINT Z (-99.13859323 19.44079368 0.000),11/29/2022,12:43:57.972,aspectos positivos,Panic button,,,,,,,,,,,,,,,,,,,,,
296.00,POINT Z (-99.13715925 19.44088125 0.000),11/29/2022,12:46:53.757,aspectos positivos,Panic button,,,,,,,,,,,,,,,,,,,,,
297.00,POINT Z (-99.13738791 19.44071969 0.000),11/29/2022,12:47:17.076,aspectos positivos,mapa de la zona,,,,,,,,,,,,,,,,,,,,,
298.00,POINT Z (-99.13748045 19.43963526 0.000),11/29/2022,12:49:33.408,Physical aspects in poor condition,Vacant lots,,,,,,,,,,,,,,,,,,,,,
299.00,POINT Z (-99.13840346 19.43962862 0.000),11/29/2022,12:51:21.265,Physical aspects in poor condition,grafitti,,,,,,,,,,,,,,,,,,,,,
300.00,POINT Z (-99.13860060 19.43963399 0.000),11/29/2022,12:51:33.782,Incivility,personas en situacion de calle,,,,,,,,,,,,,,,,,,,,,
301.00,POINT Z (-99.13899254 19.43968015 0.000),11/29/2022,12:53:37.509,Incivility,persona en situacion de calle,,,,,,,,,,,,,,,,,,,,,
302.00,POINT Z (-99.13910151 19.43960902 0.000),11/29/2022,12:53:56.309,Incivility,persona en situacion de calle,,,,,,,,,,,,,,,,,,,,,
303.00,POINT Z (-99.13911559 19.43958278 0.000),11/29/2022,12:54:25.724,Incivility,presencia de basura,,,,,,,,,,,,,,,,,,,,,
304.00,POINT Z (-99.13898818 19.43960111 0.000),11/29/2022,12:57:05.103,Incivility,drogadiccion,,,,,,,,,,,,,,,,,,,,,
305.00,POINT Z (-99.13909983 19.43963305 0.000),11/29/2022,12:57:26.494,aspectos positivos,Panic button,,,,,,,,,,,,,,,,,,,,,
306.00,POINT Z (-99.13757700 19.43950247 0.000),11/29/2022,12:58:40.673,Physical aspects in poor condition,eduficio abandonado,,,,,,,,,,,,,,,,,,,,,
307.00,POINT Z (-99.13747776 19.43951733 0.000),11/29/2022,13:00:35.318,Obstacles,fijo poste,,,,,,,,,,,,,,,,,,,,,
308.00,POINT Z (-99.13781136 19.43833867 0.000),11/29/2022,13:01:27.905,Incivility,persona en situacion de calle,,,,,,,,,,,,,,,,,,,,,
309.00,POINT Z (-99.13937643 19.43869372 0.000),11/29/2022,13:04:30.284,Incivility,personas en situación de calle,,,,,,,,,,,,,,,,,,,,,
310.00,POINT Z (-99.13940996 19.43873577 0.000),11/29/2022,13:04:47.605,Incivility,drogadicción,,,,,,,,,,,,,,,,,,,,,
311.00,POINT Z (-99.13952295 19.43853785 0.000),11/29/2022,13:07:12.760,Incivility,persona en situacion de calle,,,,,,,,,,,,,,,,,,,,,
312.00,POINT Z (-99.13888022 19.43840854 0.000),11/29/2022,13:07:49.258,aspectos positivos,Panic button,,,,,,,,,,,,,,,,,,,,,
313.00,POINT Z (-99.13891409 19.43827449 0.000),11/29/2022,13:08:31.537,aspectos positivos,mapa de la zona,,,,,,,,,,,,,,,,,,,,,
314.00,POINT Z (-99.13894728 19.43833298 0.000),11/29/2022,13:08:48.042,Incivility,persona en situacion de calle,,,,,,,,,,,,,,,,,,,,,
315.00,POINT Z (-99.13905490 19.43760674 0.000),11/29/2022,13:09:31.331,aspectos positivos,Panic button,,,,,,,,,,,,,,,,,,,,,
316.00,POINT Z (-99.13890101 19.43795263 0.000),11/29/2022,13:10:07.346,Physical aspects in poor condition,Vacant lots,,,,,,,,,,,,,,,,,,,,,
317.00,POINT Z (-99.13894728 19.43835922 0.000),11/29/2022,13:10:54.275,Poor infrastructure,Inestable manhole cover,,,,,,,,,,,,,,,,,,,,,
318.00,POINT Z (-99.13889062 19.43830358 0.000),11/29/2022,13:10:59.474,Poor infrastructure,Inestable manhole cover,,,,,,,,,,,,,,,,,,,,,
319.00,POINT Z (-99.13801823 19.43827386 0.000),11/29/2022,13:13:14.876,aspectos positivos,mapa de la zona,,,,,,,,,,,,,,,,,,,,,
320.00,POINT Z (-99.13953133 19.43760516 0.000),11/29/2022,13:17:46.107,Physical aspects in poor condition,Abandoned building,,,,,,,,,,,,,,,,,,,,,
321.00,POINT Z (-99.13905624 19.43695101 0.000),11/29/2022,13:19:22.034,Physical aspects in poor condition,edificio en Building,,,,,,,,,,,,,,,,,,,,,
322.00,POINT Z (-99.13795687 19.43681569 0.000),11/29/2022,13:23:12.555,Incivility,personas en situacion de calle,,,,,,,,,,,,,,,,,,,,,
323.00,POINT Z (-99.13827237 19.43668638 0.000),11/29/2022,13:24:31.897,Poor infrastructure,Inestable manhole cover,,,,,,,,,,,,,,,,,,,,,
324.00,POINT Z (-99.13861535 19.43671199 0.000),11/29/2022,13:25:25.102,Incivility,persona en situacion de calle,,,,,,,,,,,,,,,,,,,,,
325.00,POINT Z (-99.13883328 19.43673634 0.000),11/29/2022,13:25:46.433,aspectos positivos,mapa de la zona,,,,,,,,,,,,,,,,,,,,,
326.00,POINT Z (-99.13909715 19.43675120 0.000),11/29/2022,13:26:57.277,Physical aspects in poor condition,eficicio en reparacion,,,,,,,,,,,,,,,,,,,,,
327.00,POINT Z (-99.13932581 19.43679925 0.000),11/29/2022,13:27:16.984,Physical aspects in poor condition,edificio en reparacion,,,,,,,,,,,,,,,,,,,,,
328.00,POINT Z (-99.14040171 19.43687735 0.000),11/29/2022,13:29:49.993,aspectos positivos,Panic button,,,,,,,,,,,,,,,,,,,,,
329.00,POINT Z (-99.13905054 19.43580111 0.000),11/29/2022,13:33:13.354,aspectos positivos,Panic button,,,,,,,,,,,,,,,,,,,,,
330.00,POINT Z (-99.13796224 19.43647297 0.000),11/29/2022,13:35:50.097,aspectos positivos,Panic button,,,,,,,,,,,,,,,,,,,,,
331.00,POINT Z (-99.13931374 19.43448615 0.000),11/29/2022,13:50:47.369,aspectos positivos,mapa de la zona,,,,,,,,,,,,,,,,,,,,,
332.00,POINT Z (-99.13939387 19.43393664 0.000),11/29/2022,13:51:34.538,aspectos positivos,Panic button,,,,,,,,,,,,,,,,,,,,,
333.00,POINT Z (-99.13941834 19.43394644 0.000),11/29/2022,13:51:49.485,aspectos positivos,mapa de la zona,,,,,,,,,,,,,,,,,,,,,
334.00,POINT Z (-99.13970131 19.43588268 0.000),11/29/2022,13:56:47.701,aspectos positivos,mapa de la zona,,,,,,,,,,,,,,,,,,,,,
335.00,POINT Z (-99.13894996 19.43581091 0.000),11/29/2022,13:57:27.030,Incivility,persona en situacion de calle,,,,,,,,,,,,,,,,,,,,,
336.00,POINT Z (-99.13822241 19.43486840 0.000),11/29/2022,14:00:06.253,Poor infrastructure,Inestable manhole cover,,,,,,,,,,,,,,,,,,,,,
337.00,POINT Z (-99.13821470 19.43375705 0.000),11/30/2022,10:35:04.518,aspectos positivos,mapa de la zona,,,,,,,,,,,,,,,,,,,,,
354.00,POINT Z (-99.13798537 19.43566926 0.000),11/30/2022,10:43:30.845,aspectos positivos,Panic button,,,,,,,,,,,,,,,,,,,,,
359.00,POINT Z (-99.13699061 19.43551908 0.000),11/30/2022,10:45:36.497,aspectos positivos,mapa de la zona,,,,,,,,,,,,,,,,,,,,,
360.00,POINT Z (-99.13703587 19.43530598 0.000),11/30/2022,10:45:58.217,Obstacles,moviles vendedores,,,,,,,,,,,,,,,,,,,,,
361.00,POINT Z (-99.13708247 19.43493796 0.000),11/30/2022,10:47:27.633,Poor infrastructure,pavimento roto,recolección de datos - centro_20221130_104743706.jpg,,,,,,,,,,,,,,,,,,,,
378.00,POINT Z (-99.13717970 19.43429518 0.000),11/30/2022,10:53:01.713,aspectos positivos,mapa de la zona,,,,,,,,,,,,,,,,,,,,,
387.00,POINT Z (-99.13727760 19.43364671 0.000),11/30/2022,10:55:46.790,Poor infrastructure,ausencia de tapa,recolección de datos - centro_20221130_105601579.jpg,,,,,,,,,,,,,,,,,,,,
404.00,POINT Z (-99.13728599 19.43358505 0.000),11/30/2022,10:58:43.922,aspectos positivos,Panic button,,,,,,,,,,,,,,,,,,,,,
405.00,POINT Z (-99.13728632 19.43355660 0.000),11/30/2022,10:59:03.025,aspectos positivos,mapa de la zona,,,,,,,,,,,,,,,,,,,,,
406.00,POINT Z (-99.13838468 19.43375199 0.000),11/30/2022,11:00:06.133,aspectos positivos,Panic button,,,,,,,,,,,,,,,,,,,,,
432.00,POINT Z (-99.13745161 19.43260269 0.000),11/30/2022,11:07:24.272,Poor infrastructure,Inestable manhole cover,recolección de datos - centro_20221130_110737388.jpg,,,,,,,,,,,,,,,,,,,,
433.00,POINT Z (-99.13743988 19.43262103 0.000),11/30/2022,11:08:08.458,Poor infrastructure,Inestable manhole cover,recolección de datos - centro_20221130_110828844.jpg,,,,,,,,,,,,,,,,,,,,
434.00,POINT Z (-99.13743753 19.43258562 0.000),11/30/2022,11:08:53.755,aspectos positivos,mapa de la zona,,,,,,,,,,,,,,,,,,,,,
435.00,POINT Z (-99.13740736 19.43287587 0.000),11/30/2022,11:10:38.157,Poor infrastructure,ausencia de pavimento,recolección de datos - centro_20221130_111042655.jpg,,,,,,,,,,,,,,,,,,,,
436.00,POINT Z (-99.13736511 19.43312502 0.000),11/30/2022,11:12:00.816,Poor infrastructure,,recolección de datos - centro_20221130_111203255.jpg,,,,,,,,,,,,,,,,,,,,
463.00,POINT Z (-99.13629927 19.43343993 0.000),11/30/2022,11:20:06.194,aspectos positivos,mapa de la zona,,,,,,,,,,,,,,,,,,,,,
474.00,POINT Z (-99.13669825 19.43228873 0.000),11/30/2022,11:24:26.210,Poor infrastructure,,recolección de datos - centro_20221130_112431644.jpg,,,,,,,,,,,,,,,,,,,,
487.00,POINT Z (-99.13744088 19.43233047 0.000),11/30/2022,11:26:31.030,aspectos positivos,Panic button,,,,,,,,,,,,,,,,,,,,,
488.00,POINT Z (-99.13841620 19.43245599 0.000),11/30/2022,11:29:05.072,Poor infrastructure,Inestable manhole cover,recolección de datos - centro_20221130_112914736.jpg,,,,,,,,,,,,,,,,,,,,
503.00,POINT Z (-99.13951121 19.43258847 0.000),11/30/2022,11:34:19.695,Incivility,personas en situacion de calle,,,,,,,,,,,,,,,,,,,,,
504.00,POINT Z (-99.13960911 19.43258625 0.000),11/30/2022,11:35:17.411,aspectos positivos,Panic button,,,,,,,,,,,,,,,,,,,,,
512.00,POINT Z (-99.13961783 19.43252144 0.000),11/30/2022,11:38:23.196,Obstacles,moviles Informal Commerce ,recolección de datos - centro_20221130_113914936.jpg,,,,,,,,,,,,,,,,,,,,
513.00,POINT Z (-99.13971573 19.43182869 0.000),11/30/2022,11:44:42.651,aspectos positivos,mapa de la zona,,,,,,,,,,,,,,,,,,,,,
519.00,POINT Z (-99.14105382 19.43195738 0.000),11/30/2022,11:47:40.248,aspectos positivos,Panic button,,,,,,,,,,,,,,,,,,,,,
529.00,POINT Z (-99.13946159 19.43174396 0.000),11/30/2022,11:51:48.951,Poor infrastructure,Inestable manhole cover,recolección de datos - centro_20221130_115203905.jpg,,,,,,,,,,,,,,,,,,,,
530.00,POINT Z (-99.13951188 19.43177146 0.000),11/30/2022,11:52:27.375,Poor infrastructure,rampa inclinada,recolección de datos - centro_20221130_115240256.jpg,,,,,,,,,,,,,,,,,,,,
542.00,POINT Z (-99.13862810 19.43162318 0.000),11/30/2022,11:57:15.854,aspectos positivos,,,,,,,,,,,,,,,,,,,,,,
543.00,POINT Z (-99.13874041 19.43089660 0.000),11/30/2022,11:57:20.981,aspectos positivos,,,,,,,,,,,,,,,,,,,,,,
555.00,POINT Z (-99.14116446 19.43121784 0.000),11/30/2022,12:02:01.991,Poor infrastructure,tapa discontinua,recolección de datos - centro_20221130_120204629.jpg,,,,,,,,,,,,,,,,,,,,
556.00,POINT Z (-99.14044965 19.43104425 0.000),11/30/2022,12:04:01.818,aspectos positivos,,,,,,,,,,,,,,,,,,,,,,
557.00,POINT Z (-99.14047346 19.43103919 0.000),11/30/2022,12:04:10.656,Poor infrastructure,Inestable manhole cover,,,,,,,,,,,,,,,,,,,,,
558.00,POINT Z (-99.14047580 19.43110401 0.000),11/30/2022,12:04:26.398,Poor infrastructure,tapa discontinua,,,,,,,,,,,,,,,,,,,,,
578.00,POINT Z (-99.13986862 19.43006820 0.000),11/30/2022,12:11:08.984,aspectos positivos,Panic button,,,,,,,,,,,,,,,,,,,,,
585.00,POINT Z (-99.14762020 19.43289895 0.000),11/30/2022,12:29:41.593,Incivility,drogadiccion,,,,,,,,,,,,,,,,,,,,,
586.00,POINT Z (-99.14850365 19.43591651 0.000),12/01/2022,20:45:07.298,aspectos positivos,Other (descripción),iluminacion excelente,,,,,,,,,,,,,,,,,,,,
587.00,POINT Z (-99.14811205 19.43618367 0.000),12/01/2022,20:46:31.884,aspectos positivos,Other (descripción),iluminacion excelente,,,,,,,,,,,,,,,,,,,,
588.00,POINT Z (-99.14750386 19.43657952 0.000),12/01/2022,20:49:39.019,aspectos positivos,Other (descripción),iluminacion excelente,,,,,,,,,,,,,,,,,,,,
589.00,POINT Z (-99.14671093 19.43701709 0.000),12/01/2022,20:50:04.356,aspectos positivos,Other (descripción),iluminacion excelente,,,,,,,,,,,,,,,,,,,,
590.00,POINT Z (-99.14626602 19.43743507 0.000),12/01/2022,20:51:02.437,Obstacles,moviles escombro,recolección de datos - centro_20221201_205116001.jpg,,,,,,,,,,,,,,,,,,,,
591.00,POINT Z (-99.14573159 19.43782364 0.000),12/01/2022,20:52:30.999,Poor infrastructure,Inestable manhole cover,recolección de datos - centro_20221201_205240420.jpg,,,,,,,,,,,,,,,,,,,,
592.00,POINT Z (-99.14441898 19.43907502 0.000),12/01/2022,20:54:32.088,aspectos positivos,Other (descripción),iluminacion buena,,,,,,,,,,,,,,,,,,,,
593.00,POINT Z (-99.14299674 19.44028402 0.000),12/01/2022,20:56:56.788,aspectos positivos,Other (descripción),iluminacion excelente,,,,,,,,,,,,,,,,,,,,
594.00,POINT Z (-99.14248075 19.44090402 0.000),12/01/2022,20:59:09.812,aspectos positivos,Panic button,,,,,,,,,,,,,,,,,,,,,
595.00,POINT Z (-99.14208144 19.44107948 0.000),12/01/2022,20:59:46.799,Incivility,homeless,,,,,,,,,,,,,,,,,,,,,
596.00,POINT Z (-99.14063673 19.44248987 0.000),12/01/2022,21:02:09.881,Physical aspects in poor condition,grafitti,,,,,,,,,,,,,,,,,,,,,
597.00,POINT Z (-99.13997456 19.44313230 0.000),12/01/2022,21:02:46.089,Poor infrastructure,tapa inexistente,recolección de datos - centro_20221201_210252975.jpg,,,,,,,,,,,,,,,,,,,,
598.00,POINT Z (-99.14011806 19.44305200 0.000),12/01/2022,21:03:59.742,aspectos positivos,Panic button,,,,,,,,,,,,,,,,,,,,,
599.00,POINT Z (-99.13966779 19.44334033 0.000),12/01/2022,21:04:13.558,Obstacles,Building,,,,,,,,,,,,,,,,,,,,,
600.00,POINT Z (-99.14207842 19.44124484 0.000),12/01/2022,21:04:43.575,aspectos positivos,Other (descripción),iluminacion excelente,,,,,,,,,,,,,,,,,,,,
601.00,POINT Z (-99.14110914 19.44207412 0.000),12/01/2022,21:04:47.632,aspectos positivos,Other (descripción),iluminacion buena,,,,,,,,,,,,,,,,,,,,
602.00,POINT Z (-99.14049558 19.44264321 0.000),12/01/2022,21:04:49.482,aspectos positivos,Other (descripción),iluminacion buena,,,,,,,,,,,,,,,,,,,,
603.00,POINT Z (-99.13977038 19.44326825 0.000),12/01/2022,21:05:36.312,aspectos positivos,Other (descripción),iluminacion excelente,,,,,,,,,,,,,,,,,,,,
604.00,POINT Z (-99.13992997 19.44166849 0.000),12/01/2022,21:10:16.030,Physical aspects in poor condition,edificio descuidado,,,,,,,,,,,,,,,,,,,,,
605.00,POINT Z (-99.13975865 19.44304346 0.000),12/01/2022,21:10:34.165,Incivility,olor desagradable,,,,,,,,,,,,,,,,,,,,,
606.00,POINT Z (-99.14004464 19.44091540 0.000),12/01/2022,21:11:12.842,aspectos positivos,Panic button,,,,,,,,,,,,,,,,,,,,,
607.00,POINT Z (-99.13981766 19.44243897 0.000),12/01/2022,21:11:38.026,aspectos positivos,Other (descripción),iluminacion excelente,,,,,,,,,,,,,,,,,,,,
608.00,POINT Z (-99.13996316 19.44156858 0.000),12/01/2022,21:11:41.277,aspectos positivos,Other (descripción),iluminacion excelente,,,,,,,,,,,,,,,,,,,,
609.00,POINT Z (-99.14006442 19.44004342 0.000),12/01/2022,21:13:21.267,Physical aspects in poor condition,Vacant lots,,,,,,,,,,,,,,,,,,,,,
610.00,POINT Z (-99.14000373 19.44046424 0.000),12/01/2022,21:13:22.936,Physical aspects in poor condition,Vacant lots,,,,,,,,,,,,,,,,,,,,,
611.00,POINT Z (-99.14008319 19.43966529 0.000),12/01/2022,21:15:42.035,Incivility,homeless,,,,,,,,,,,,,,,,,,,,,
612.00,POINT Z (-99.14023072 19.43872502 0.000),12/01/2022,21:15:43.924,Incivility,homeless,,,,,,,,,,,,,,,,,,,,,
613.00,POINT Z (-99.14014891 19.43926377 0.000),12/01/2022,21:16:08.880,aspectos positivos,other,iluminacion buena,,,,,,,,,,,,,,,,,,,,
614.00,POINT Z (-99.14035141 19.43831180 0.000),12/01/2022,21:18:37.914,aspectos positivos,Panic button,,,,,,,,,,,,,,,,,,,,,
615.00,POINT Z (-99.14032359 19.43821884 0.000),12/01/2022,21:18:47.368,aspectos positivos,Other (descripción),iluminacion buena,,,,,,,,,,,,,,,,,,,,
616.00,POINT Z (-99.14049357 19.43720015 0.000),12/01/2022,21:19:04.751,aspectos positivos,Other (descripción),iluminacion excelente,,,,,,,,,,,,,,,,,,,,
617.00,POINT Z (-99.14033901 19.43785810 0.000),12/01/2022,21:19:18.928,mobiliario vandalizado,telefono vandalizado,,,,,,,,,,,,,,,,,,,,,
618.00,POINT Z (-99.14046574 19.43730070 0.000),12/01/2022,21:19:43.270,Physical aspects in poor condition,building in bad shape,,,,,,,,,,,,,,,,,,,,,
619.00,POINT Z (-99.14059583 19.43652324 0.000),12/01/2022,21:22:52.698,Physical aspects in poor condition,Vacant lots,,,,,,,,,,,,,,,,,,,,,
620.00,POINT Z (-99.14058510 19.43637906 0.000),12/01/2022,21:23:07.472,Obstacles,movil Informal Commerce ,,,,,,,,,,,,,,,,,,,,,
621.00,POINT Z (-99.14053883 19.43663737 0.000),12/01/2022,21:23:40.733,Obstacles,movil Informal Commerce ,,,,,,,,,,,,,,,,,,,,,
622.00,POINT Z (-99.14054621 19.43668259 0.000),12/01/2022,21:24:01.736,aspectos positivos,Other (descripción),iluminacion buena,,,,,,,,,,,,,,,,,,,,
623.00,POINT Z (-99.14024245 19.43478177 0.000),12/01/2022,21:27:34.867,aspectos positivos,Panic button,,,,,,,,,,,,,,,,,,,,,
624.00,POINT Z (-99.14048620 19.43481244 0.000),12/01/2022,21:27:51.511,aspectos positivos,Other (descripción),iluminacion buena,,,,,,,,,,,,,,,,,,,,
625.00,POINT Z (-99.14045937 19.43476881 0.000),12/01/2022,21:28:23.674,aspectos positivos,Other (descripción),iluminacion excelente,,,,,,,,,,,,,,,,,,,,
626.00,POINT Z (-99.14063539 19.43534013 0.000),12/01/2022,21:28:45.545,aspectos positivos,Other (descripción),iluminacion excelente,,,,,,,,,,,,,,,,,,,,
627.00,POINT Z (-99.13982939 19.43465625 0.000),12/01/2022,21:29:47.019,aspectos positivos,Other (descripción),iluminacion excelente,,,,,,,,,,,,,,,,,,,,
628.00,POINT Z (-99.13969696 19.43471158 0.000),12/01/2022,21:30:01.792,aspectos positivos,Other (descripción),iluminacion buena,,,,,,,,,,,,,,,,,,,,
629.00,POINT Z (-99.13876824 19.43446370 0.000),12/01/2022,21:32:04.339,aspectos positivos,Other (descripción),iluminacion excelente,,,,,,,,,,,,,,,,,,,,
630.00,POINT Z (-99.13875248 19.43460187 0.000),12/01/2022,21:32:05.273,aspectos positivos,Other (descripción),iluminacion excelente,,,,,,,,,,,,,,,,,,,,
631.00,POINT Z (-99.13858451 19.43460440 0.000),12/01/2022,21:32:11.685,Incivility,homeless,,,,,,,,,,,,,,,,,,,,,
632.00,POINT Z (-99.13773827 19.43435778 0.000),12/01/2022,21:34:59.056,aspectos positivos,Other (descripción),iluminacion excelente,,,,,,,,,,,,,,,,,,,,
633.00,POINT Z (-99.13783483 19.43444694 0.000),12/01/2022,21:35:22.388,aspectos positivos,Other (descripción),iluminacion excelente,,,,,,,,,,,,,,,,,,,,
634.00,POINT Z (-99.13717300 19.43433312 0.000),12/01/2022,21:37:49.169,aspectos positivos,Panic button,,,,,,,,,,,,,,,,,,,,,
635.00,POINT Z (-99.13672607 19.43424206 0.000),12/01/2022,21:38:00.726,aspectos positivos,Other (descripción),iluminacion excelente,,,,,,,,,,,,,,,,,,,,
636.00,POINT Z (-99.13663957 19.43433438 0.000),12/01/2022,21:38:02.210,aspectos positivos,Other (descripción),iluminacion excelente,,,,,,,,,,,,,,,,,,,,
637.00,POINT Z (-99.13649138 19.43434039 0.000),12/01/2022,21:40:14.250,Incivility,homeless,,,,,,,,,,,,,,,,,,,,,
638.00,POINT Z (-99.13562100 19.43415037 0.000),12/01/2022,21:41:39.863,aspectos positivos,Panic button,,,,,,,,,,,,,,,,,,,,,
639.00,POINT Z (-99.13583022 19.43416460 0.000),12/01/2022,21:41:49.617,aspectos positivos,Other (descripción),iluminacion excelente,,,,,,,,,,,,,,,,,,,,
640.00,POINT Z (-99.13582183 19.43420918 0.000),12/01/2022,21:41:50.368,aspectos positivos,Other (descripción),iluminacion excelente,,,,,,,,,,,,,,,,,,,,
641.00,POINT Z (-99.13560927 19.43417756 0.000),12/01/2022,21:42:20.649,Obstacles,movil Informal Commerce ,,,,,,,,,,,,,,,,,,,,,
642.00,POINT Z (-99.13504399 19.43436221 0.000),12/01/2022,21:43:27.895,Physical aspects in poor condition,Trash on the street,recolección de datos - centro_20221201_214336288.jpg,,,,,,,,,,,,,,,,,,,,
643.00,POINT Z (-99.13416322 19.43357557 0.000),12/01/2022,21:46:08.310,aspectos positivos,Other (descripción),iluminacion excelente,,,,,,,,,,,,,,,,,,,,
644.00,POINT Z (-99.13447939 19.43396415 0.000),12/01/2022,21:46:44.209,aspectos positivos,Other (descripción),iluminacion excelente,,,,,,,,,,,,,,,,,,,,
645.00,POINT Z (-99.13471073 19.43411528 0.000),12/01/2022,21:46:52.530,aspectos positivos,,,,,,,,,,,,,,,,,,,,,,
646.00,POINT Z (-99.13450789 19.43406880 0.000),12/01/2022,21:46:58.752,Incivility,homeless,,,,,,,,,,,,,,,,,,,,,
647.00,POINT Z (-99.13409717 19.43306147 0.000),12/01/2022,21:51:23.670,Poor infrastructure,Inestable manhole cover,,,,,,,,,,,,,,,,,,,,,
648.00,POINT Z (-99.13421687 19.43274814 0.000),12/01/2022,21:51:49.665,aspectos positivos,Other (descripción),iluminacion regular,,,,,,,,,,,,,,,,,,,,
650.00,POINT Z (-99.13782176 19.42985510 0.000),12/02/2022,13:22:37.542,Poor infrastructure,broken manhole cover,recolección de datos - centro_20221202_132241951.jpg,,,,,,,,,,,,,,,,,,,,
651.00,POINT Z (-99.13778052 19.42984150 0.000),12/02/2022,13:23:01.074,aspectos positivos,policía,,,,,,,,,,,,,,,,,,,,,
652.00,POINT Z (-99.13860463 19.42991486 0.000),12/02/2022,13:24:44.856,aspectos positivos,Panic button,,,,,,,,,,,,,,,,,,,,,
653.00,POINT Z (-99.13880210 19.42988703 0.000),12/02/2022,13:24:59.469,Physical aspects in poor condition,grafitti,recolección de datos - centro_20221202_132507974.jpg,,,,,,,,,,,,,,,,,,,,
654.00,POINT Z (-99.13695607 19.43051465 0.000),12/02/2022,13:30:57.110,Physical aspects in poor condition,basura,recolección de datos - centro_20221202_133108492.jpg,,,,,,,,,,,,,,,,,,,,
655.00,POINT Z (-99.13672339 19.43042644 0.000),12/02/2022,13:34:42.783,Physical aspects in poor condition,grafitti,,,,,,,,,,,,,,,,,,,,,
656.00,POINT Z (-99.13673948 19.43055607 0.000),12/02/2022,13:34:59.147,aspectos positivos,Panic button,,,,,,,,,,,,,,,,,,,,,
657.00,POINT Z (-99.13598377 19.43040114 0.000),12/02/2022,13:37:32.750,Obstacles,movil Informal Commerce ,,,,,,,,,,,,,,,,,,,,,
658.00,POINT Z (-99.13543426 19.43030850 0.000),12/02/2022,13:38:41.219,Obstacles,movil Informal Commerce ,,,,,,,,,,,,,,,,,,,,,
659.00,POINT Z (-99.13467754 19.43031071 0.000),12/02/2022,13:40:17.832,aspectos positivos,Panic button,,,,,,,,,,,,,,,,,,,,,
660.00,POINT Z (-99.13568974 19.43042517 0.000),12/02/2022,13:42:00.444,Obstacles,movil Informal Commerce ,,,,,,,,,,,,,,,,,,,,,
661.00,POINT Z (-99.13482707 19.43023262 0.000),12/02/2022,13:42:09.424,Obstacles,movil Informal Commerce ,,,,,,,,,,,,,,,,,,,,,
662.00,POINT Z (-99.13662918 19.43134842 0.000),12/02/2022,13:45:58.328,aspectos positivos,,,,,,,,,,,,,,,,,,,,,,
663.00,POINT Z (-99.13739931 19.43067906 0.000),12/02/2022,13:50:50.720,Poor infrastructure,Manhole cover in poor condition,recolección de datos - centro_20221202_135056952.jpg,,,,,,,,,,,,,,,,,,,,
664.00,POINT Z (-99.13864117 19.43138984 0.000),12/02/2022,13:54:59.618,Obstacles,facade,,,,,,,,,,,,,,,,,,,,,
665.00,POINT Z (-99.13919605 19.43176735 0.000),12/02/2022,13:56:57.220,Physical aspects in poor condition,Abandoned building,recolección de datos - centro_20221202_135706801.jpg,,,,,,,,,,,,,,,,,,,,
667.00,POINT Z (-99.13853422 19.43221411 0.000),12/05/2022,14:17:40.901,Obstacles,Mobile,,Informal Commerce ,,,,,,,,,,,,,,,,,,,
668.00,POINT Z (-99.13858049 19.43168957 0.000),12/05/2022,14:17:58.002,Obstacles,Permanent,,Informal Commerce ,,,,,,,,,,,,,,,,,,,
679.00,POINT Z (-99.13655844 19.43149196 0.000),12/05/2022,14:36:58.224,Obstacles,Mobile,recolección de datos - centro_20221205_143709567.jpg,Building,,,,,,,,,,,,,,,,,,,
680.00,POINT Z (-99.13648367 19.43137909 0.000),12/05/2022,14:37:01.677,Obstacles,Mobile,recolección de datos - centro_20221205_143730784.jpg,Building,,,,,,,,,,,,,,,,,,,
683.00,POINT Z (-99.13658794 19.43166807 0.000),12/05/2022,14:47:07.611,Obstacles,Mobile,,Informal Commerce ,,,,,,,,,,,,,,,,,,,
688.00,POINT Z (-99.13648434 19.43233932 0.000),12/05/2022,14:53:04.888,Obstacles,Permanent,recolección de datos - centro_20221205_145307258.jpg,,,,,,,,,,,,,,,,,,,,
689.00,POINT Z (-99.13626373 19.43325465 0.000),12/05/2022,14:55:25.950,Incivility,homeless,,,,,,,,,,,,,,,,,,,,,
691.00,POINT Z (-99.13630128 19.43360624 0.000),12/05/2022,15:03:47.292,Incivility,homeless,,,,,,,,,,,,,,,,,,,,,
699.00,POINT Z (-99.13617723 19.43429423 0.000),12/05/2022,15:09:17.838,aspectos positivos,Panic button,,,,,,,,,,,,,,,,,,,,,
700.00,POINT Z (-99.13611554 19.43461198 0.000),12/05/2022,15:10:28.459,Obstacles,Mobile,,informal commerce,,,,,,,,,,,,,,,,,,,
701.00,POINT Z (-99.13608469 19.43471284 0.000),12/05/2022,15:10:43.528,Obstacles,Mobile,,restaurant furniture,,,,,,,,,,,,,,,,,,,
703.00,POINT Z (-99.13609408 19.43541095 0.000),12/05/2022,15:13:40.081,aspectos positivos,Panic button,,,,,,,,,,,,,,,,,,,,,
708.00,POINT Z (-99.13690880 19.43550833 0.000),12/05/2022,15:17:49.896,Obstacles,Mobile,,Informal Commerce ,,,,,,,,,,,,,,,,,,,
709.00,POINT Z (-99.13616683 19.43541475 0.000),12/05/2022,15:17:54.649,Obstacles,Mobile,,Informal Commerce ,,,,,,,,,,,,,,,,,,,
710.00,POINT Z (-99.13678542 19.43552888 0.000),12/05/2022,15:19:28.201,Obstacles,Mobile,,Informal Commerce ,,,,,,,,,,,,,,,,,,,
711.00,POINT Z (-99.13695574 19.43556714 0.000),12/05/2022,15:20:18.260,Incivility,homeless,,,,,,,,,,,,,,,,,,,,,
712.00,POINT Z (-99.13690511 19.43555797 0.000),12/05/2022,15:20:19.561,Physical aspects in poor condition,homeless,,,,,,,,,,,,,,,,,,,,,
730.00,POINT Z (-99.13775068 19.43739049 0.000),12/05/2022,15:47:39.567,aspectos positivos,Panic button,,,,,,,,,,,,,,,,,,,,,
745.00,POINT Z (-99.13499806 19.43471790 0.000),12/05/2022,16:05:39.808,aspectos positivos,Panic button,,,,,,,,,,,,,,,,,,,,,
753.00,POINT Z (-99.13512982 19.43409473 0.000),12/05/2022,16:11:06.231,Obstacles,Permanent,,Informal commerce on ramp crossing,,,,,,,,,,,,,,,,,,,
,,,,,,,,,,,,,,,,,,,,,,,,,,
,,,,,,,,,,,,,,,,,,,,,,,,,,
,,,,,,,,,,,,,,,,,,,,,,,,,,
,,,,,,,,,,,,,,,,,,,,,,,,,,
,,,,,,,,,,,,,,,,,,,,,,,,,,
,,,,,,,,,,,,,,,,,,,,,,,,,,
,,,,,,,,,,,,,,,,,,,,,,,,,,
,,,,,,,,,,,,,,,,,,,,,,,,,,
,,,,,,,,,,,,,,,,,,,,,,,,,,
,,,,,,,,,,,,,,,,,,,,,,,,,,
,,,,,,,,,,,,,,,,,,,,,,,,,,
,,,,,,,,,,,,,,,,,,,,,,,,,,
,,,,,,,,,,,,,,,,,,,,,,,,,,
,,,,,,,,,,,,,,,,,,,,,,,,,,
,,,,,,,,,,,,,,,,,,,,,,,,,,
,,,,,,,,,,,,,,,,,,,,,,,,,,
,,,,,,,,,,,,,,,,,,,,,,,,,,
,,,,,,,,,,,,,,,,,,,,,,,,,,
,,,,,,,,,,,,,,,,,,,,,,,,,,
,,,,,,,,,,,,,,,,,,,,,,,,,,
,,,,,,,,,,,,,,,,,,,,,,,,,,
,,,,,,,,,,,,,,,,,,,,,,,,,,
,,,,,,,,,,,,,,,,,,,,,,,,,,
,,,,,,,,,,,,,,,,,,,,,,,,,,
,,,,,,,,,,,,,,,,,,,,,,,,,,
,,,,,,,,,,,,,,,,,,,,,,,,,,
,,,,,,,,,,,,,,,,,,,,,,,,,,
,,,,,,,,,,,,,,,,,,,,,,,,,,
,,,,,,,,,,,,,,,,,,,,,,,,,,
,,,,,,,,,,,,,,,,,,,,,,,,,,
,,,,,,,,,,,,,,,,,,,,,,,,,,
,,,,,,,,,,,,,,,,,,,,,,,,,,
,,,,,,,,,,,,,,,,,,,,,,,,,,
,,,,,,,,,,,,,,,,,,,,,,,,,,
,,,,,,,,,,,,,,,,,,,,,,,,,,
,,,,,,,,,,,,,,,,,,,,,,,,,,
,,,,,,,,,,,,,,,,,,,,,,,,,,
,,,,,,,,,,,,,,,,,,,,,,,,,,
,,,,,,,,,,,,,,,,,,,,,,,,,,
,,,,,,,,,,,,,,,,,,,,,,,,,,
,,,,,,,,,,,,,,,,,,,,,,,,,,
,,,,,,,,,,,,,,,,,,,,,,,,,,
,,,,,,,,,,,,,,,,,,,,,,,,,,
,,,,,,,,,,,,,,,,,,,,,,,,,,
,,,,,,,,,,,,,,,,,,,,,,,,,,
,,,,,,,,,,,,,,,,,,,,,,,,,,
,,,,,,,,,,,,,,,,,,,,,,,,,,
,,,,,,,,,,,,,,,,,,,,,,,,,,
,,,,,,,,,,,,,,,,,,,,,,,,,,
,,,,,,,,,,,,,,,,,,,,,,,,,,
,,,,,,,,,,,,,,,,,,,,,,,,,,
,,,,,,,,,,,,,,,,,,,,,,,,,,
,,,,,,,,,,,,,,,,,,,,,,,,,,
,,,,,,,,,,,,,,,,,,,,,,,,,,
,,,,,,,,,,,,,,,,,,,,,,,,,,
,,,,,,,,,,,,,,,,,,,,,,,,,,
,,,,,,,,,,,,,,,,,,,,,,,,,,
,,,,,,,,,,,,,,,,,,,,,,,,,,
,,,,,,,,,,,,,,,,,,,,,,,,,,
,,,,,,,,,,,,,,,,,,,,,,,,,,
,,,,,,,,,,,,,,,,,,,,,,,,,,
,,,,,,,,,,,,,,,,,,,,,,,,,,
,,,,,,,,,,,,,,,,,,,,,,,,,,
,,,,,,,,,,,,,,,,,,,,,,,,,,
,,,,,,,,,,,,,,,,,,,,,,,,,,
,,,,,,,,,,,,,,,,,,,,,,,,,,
,,,,,,,,,,,,,,,,,,,,,,,,,,
,,,,,,,,,,,,,,,,,,,,,,,,,,
,,,,,,,,,,,,,,,,,,,,,,,,,,
,,,,,,,,,,,,,,,,,,,,,,,,,,
,,,,,,,,,,,,,,,,,,,,,,,,,,
,,,,,,,,,,,,,,,,,,,,,,,,,,
,,,,,,,,,,,,,,,,,,,,,,,,,,
,,,,,,,,,,,,,,,,,,,,,,,,,,
,,,,,,,,,,,,,,,,,,,,,,,,,,
,,,,,,,,,,,,,,,,,,,,,,,,,,
,,,,,,,,,,,,,,,,,,,,,,,,,,
,,,,,,,,,,,,,,,,,,,,,,,,,,
,,,,,,,,,,,,,,,,,,,,,,,,,,
,,,,,,,,,,,,,,,,,,,,,,,,,,
,,,,,,,,,,,,,,,,,,,,,,,,,,
,,,,,,,,,,,,,,,,,,,,,,,,,,
,,,,,,,,,,,,,,,,,,,,,,,,,,
,,,,,,,,,,,,,,,,,,,,,,,,,,
,,,,,,,,,,,,,,,,,,,,,,,,,,
,,,,,,,,,,,,,,,,,,,,,,,,,,
,,,,,,,,,,,,,,,,,,,,,,,,,,
,,,,,,,,,,,,,,,,,,,,,,,,,,
,,,,,,,,,,,,,,,,,,,,,,,,,,
,,,,,,,,,,,,,,,,,,,,,,,,,,
,,,,,,,,,,,,,,,,,,,,,,,,,,
,,,,,,,,,,,,,,,,,,,,,,,,,,
,,,,,,,,,,,,,,,,,,,,,,,,,,
,,,,,,,,,,,,,,,,,,,,,,,,,,
,,,,,,,,,,,,,,,,,,,,,,,,,,
,,,,,,,,,,,,,,,,,,,,,,,,,,
,,,,,,,,,,,,,,,,,,,,,,,,,,
,,,,,,,,,,,,,,,,,,,,,,,,,,
,,,,,,,,,,,,,,,,,,,,,,,,,,
,,,,,,,,,,,,,,,,,,,,,,,,,,
,,,,,,,,,,,,,,,,,,,,,,,,,,
,,,,,,,,,,,,,,,,,,,,,,,,,,
,,,,,,,,,,,,,,,,,,,,,,,,,,
,,,,,,,,,,,,,,,,,,,,,,,,,,
,,,,,,,,,,,,,,,,,,,,,,,,,,
,,,,,,,,,,,,,,,,,,,,,,,,,,
,,,,,,,,,,,,,,,,,,,,,,,,,,
,,,,,,,,,,,,,,,,,,,,,,,,,,
,,,,,,,,,,,,,,,,,,,,,,,,,,
,,,,,,,,,,,,,,,,,,,,,,,,,,
,,,,,,,,,,,,,,,,,,,,,,,,,,
,,,,,,,,,,,,,,,,,,,,,,,,,,
,,,,,,,,,,,,,,,,,,,,,,,,,,
,,,,,,,,,,,,,,,,,,,,,,,,,,
,,,,,,,,,,,,,,,,,,,,,,,,,,
,,,,,,,,,,,,,,,,,,,,,,,,,,
,,,,,,,,,,,,,,,,,,,,,,,,,,
,,,,,,,,,,,,,,,,,,,,,,,,,,
,,,,,,,,,,,,,,,,,,,,,,,,,,
,,,,,,,,,,,,,,,,,,,,,,,,,,
,,,,,,,,,,,,,,,,,,,,,,,,,,
,,,,,,,,,,,,,,,,,,,,,,,,,,
,,,,,,,,,,,,,,,,,,,,,,,,,,
,,,,,,,,,,,,,,,,,,,,,,,,,,
,,,,,,,,,,,,,,,,,,,,,,,,,,
,,,,,,,,,,,,,,,,,,,,,,,,,,
,,,,,,,,,,,,,,,,,,,,,,,,,,
,,,,,,,,,,,,,,,,,,,,,,,,,,
,,,,,,,,,,,,,,,,,,,,,,,,,,
,,,,,,,,,,,,,,,,,,,,,,,,,,
,,,,,,,,,,,,,,,,,,,,,,,,,,
,,,,,,,,,,,,,,,,,,,,,,,,,,
,,,,,,,,,,,,,,,,,,,,,,,,,,
,,,,,,,,,,,,,,,,,,,,,,,,,,
,,,,,,,,,,,,,,,,,,,,,,,,,,
,,,,,,,,,,,,,,,,,,,,,,,,,,
,,,,,,,,,,,,,,,,,,,,,,,,,,
,,,,,,,,,,,,,,,,,,,,,,,,,,
,,,,,,,,,,,,,,,,,,,,,,,,,,
,,,,,,,,,,,,,,,,,,,,,,,,,,
,,,,,,,,,,,,,,,,,,,,,,,,,,
,,,,,,,,,,,,,,,,,,,,,,,,,,
,,,,,,,,,,,,,,,,,,,,,,,,,,
,,,,,,,,,,,,,,,,,,,,,,,,,,
,,,,,,,,,,,,,,,,,,,,,,,,,,
,,,,,,,,,,,,,,,,,,,,,,,,,,
,,,,,,,,,,,,,,,,,,,,,,,,,,
,,,,,,,,,,,,,,,,,,,,,,,,,,
,,,,,,,,,,,,,,,,,,,,,,,,,,
,,,,,,,,,,,,,,,,,,,,,,,,,,
,,,,,,,,,,,,,,,,,,,,,,,,,,
,,,,,,,,,,,,,,,,,,,,,,,,,,
,,,,,,,,,,,,,,,,,,,,,,,,,,
,,,,,,,,,,,,,,,,,,,,,,,,,,
,,,,,,,,,,,,,,,,,,,,,,,,,,
,,,,,,,,,,,,,,,,,,,,,,,,,,
,,,,,,,,,,,,,,,,,,,,,,,,,,
,,,,,,,,,,,,,,,,,,,,,,,,,,
,,,,,,,,,,,,,,,,,,,,,,,,,,
,,,,,,,,,,,,,,,,,,,,,,,,,,
,,,,,,,,,,,,,,,,,,,,,,,,,,
,,,,,,,,,,,,,,,,,,,,,,,,,,
,,,,,,,,,,,,,,,,,,,,,,,,,,
,,,,,,,,,,,,,,,,,,,,,,,,,,
,,,,,,,,,,,,,,,,,,,,,,,,,,
,,,,,,,,,,,,,,,,,,,,,,,,,,
,,,,,,,,,,,,,,,,,,,,,,,,,,
,,,,,,,,,,,,,,,,,,,,,,,,,,
,,,,,,,,,,,,,,,,,,,,,,,,,,
,,,,,,,,,,,,,,,,,,,,,,,,,,
,,,,,,,,,,,,,,,,,,,,,,,,,,
,,,,,,,,,,,,,,,,,,,,,,,,,,
,,,,,,,,,,,,,,,,,,,,,,,,,,
,,,,,,,,,,,,,,,,,,,,,,,,,,
,,,,,,,,,,,,,,,,,,,,,,,,,,
,,,,,,,,,,,,,,,,,,,,,,,,,,
,,,,,,,,,,,,,,,,,,,,,,,,,,
,,,,,,,,,,,,,,,,,,,,,,,,,,
,,,,,,,,,,,,,,,,,,,,,,,,,,
,,,,,,,,,,,,,,,,,,,,,,,,,,
,,,,,,,,,,,,,,,,,,,,,,,,,,
,,,,,,,,,,,,,,,,,,,,,,,,,,
,,,,,,,,,,,,,,,,,,,,,,,,,,
,,,,,,,,,,,,,,,,,,,,,,,,,,
,,,,,,,,,,,,,,,,,,,,,,,,,,
,,,,,,,,,,,,,,,,,,,,,,,,,,
,,,,,,,,,,,,,,,,,,,,,,,,,,
,,,,,,,,,,,,,,,,,,,,,,,,,,
,,,,,,,,,,,,,,,,,,,,,,,,,,
,,,,,,,,,,,,,,,,,,,,,,,,,,
,,,,,,,,,,,,,,,,,,,,,,,,,,
,,,,,,,,,,,,,,,,,,,,,,,,,,
,,,,,,,,,,,,,,,,,,,,,,,,,,
,,,,,,,,,,,,,,,,,,,,,,,,,,
,,,,,,,,,,,,,,,,,,,,,,,,,,
,,,,,,,,,,,,,,,,,,,,,,,,,,
,,,,,,,,,,,,,,,,,,,,,,,,,,
,,,,,,,,,,,,,,,,,,,,,,,,,,
,,,,,,,,,,,,,,,,,,,,,,,,,,
,,,,,,,,,,,,,,,,,,,,,,,,,,
,,,,,,,,,,,,,,,,,,,,,,,,,,
,,,,,,,,,,,,,,,,,,,,,,,,,,
,,,,,,,,,,,,,,,,,,,,,,,,,,
,,,,,,,,,,,,,,,,,,,,,,,,,,
,,,,,,,,,,,,,,,,,,,,,,,,,,
,,,,,,,,,,,,,,,,,,,,,,,,,,
,,,,,,,,,,,,,,,,,,,,,,,,,,
,,,,,,,,,,,,,,,,,,,,,,,,,,
,,,,,,,,,,,,,,,,,,,,,,,,,,
,,,,,,,,,,,,,,,,,,,,,,,,,,
,,,,,,,,,,,,,,,,,,,,,,,,,,
,,,,,,,,,,,,,,,,,,,,,,,,,,
,,,,,,,,,,,,,,,,,,,,,,,,,,
,,,,,,,,,,,,,,,,,,,,,,,,,,
,,,,,,,,,,,,,,,,,,,,,,,,,,
,,,,,,,,,,,,,,,,,,,,,,,,,,
,,,,,,,,,,,,,,,,,,,,,,,,,,
,,,,,,,,,,,,,,,,,,,,,,,,,,
,,,,,,,,,,,,,,,,,,,,,,,,,,
,,,,,,,,,,,,,,,,,,,,,,,,,,
,,,,,,,,,,,,,,,,,,,,,,,,,,
,,,,,,,,,,,,,,,,,,,,,,,,,,
,,,,,,,,,,,,,,,,,,,,,,,,,,
,,,,,,,,,,,,,,,,,,,,,,,,,,
,,,,,,,,,,,,,,,,,,,,,,,,,,
,,,,,,,,,,,,,,,,,,,,,,,,,,
,,,,,,,,,,,,,,,,,,,,,,,,,,
,,,,,,,,,,,,,,,,,,,,,,,,,,
,,,,,,,,,,,,,,,,,,,,,,,,,,
,,,,,,,,,,,,,,,,,,,,,,,,,,
,,,,,,,,,,,,,,,,,,,,,,,,,,
,,,,,,,,,,,,,,,,,,,,,,,,,,
,,,,,,,,,,,,,,,,,,,,,,,,,,
,,,,,,,,,,,,,,,,,,,,,,,,,,
,,,,,,,,,,,,,,,,,,,,,,,,,,
,,,,,,,,,,,,,,,,,,,,,,,,,,
,,,,,,,,,,,,,,,,,,,,,,,,,,
,,,,,,,,,,,,,,,,,,,,,,,,,,
,,,,,,,,,,,,,,,,,,,,,,,,,,
,,,,,,,,,,,,,,,,,,,,,,,,,,
,,,,,,,,,,,,,,,,,,,,,,,,,,
,,,,,,,,,,,,,,,,,,,,,,,,,,
,,,,,,,,,,,,,,,,,,,,,,,,,,
,,,,,,,,,,,,,,,,,,,,,,,,,,
,,,,,,,,,,,,,,,,,,,,,,,,,,
,,,,,,,,,,,,,,,,,,,,,,,,,,
,,,,,,,,,,,,,,,,,,,,,,,,,,
,,,,,,,,,,,,,,,,,,,,,,,,,,
,,,,,,,,,,,,,,,,,,,,,,,,,,
,,,,,,,,,,,,,,,,,,,,,,,,,,
,,,,,,,,,,,,,,,,,,,,,,,,,,
,,,,,,,,,,,,,,,,,,,,,,,,,,
,,,,,,,,,,,,,,,,,,,,,,,,,,
,,,,,,,,,,,,,,,,,,,,,,,,,,
,,,,,,,,,,,,,,,,,,,,,,,,,,
,,,,,,,,,,,,,,,,,,,,,,,,,,
,,,,,,,,,,,,,,,,,,,,,,,,,,
,,,,,,,,,,,,,,,,,,,,,,,,,,
,,,,,,,,,,,,,,,,,,,,,,,,,,
,,,,,,,,,,,,,,,,,,,,,,,,,,
,,,,,,,,,,,,,,,,,,,,,,,,,,
,,,,,,,,,,,,,,,,,,,,,,,,,,
,,,,,,,,,,,,,,,,,,,,,,,,,,
,,,,,,,,,,,,,,,,,,,,,,,,,,
,,,,,,,,,,,,,,,,,,,,,,,,,,
,,,,,,,,,,,,,,,,,,,,,,,,,,
,,,,,,,,,,,,,,,,,,,,,,,,,,
,,,,,,,,,,,,,,,,,,,,,,,,,,
,,,,,,,,,,,,,,,,,,,,,,,,,,
,,,,,,,,,,,,,,,,,,,,,,,,,,
,,,,,,,,,,,,,,,,,,,,,,,,,,
,,,,,,,,,,,,,,,,,,,,,,,,,,
,,,,,,,,,,,,,,,,,,,,,,,,,,
,,,,,,,,,,,,,,,,,,,,,,,,,,
,,,,,,,,,,,,,,,,,,,,,,,,,,
,,,,,,,,,,,,,,,,,,,,,,,,,,
,,,,,,,,,,,,,,,,,,,,,,,,,,
,,,,,,,,,,,,,,,,,,,,,,,,,,
,,,,,,,,,,,,,,,,,,,,,,,,,,
,,,,,,,,,,,,,,,,,,,,,,,,,,
,,,,,,,,,,,,,,,,,,,,,,,,,,
,,,,,,,,,,,,,,,,,,,,,,,,,,
,,,,,,,,,,,,,,,,,,,,,,,,,,
,,,,,,,,,,,,,,,,,,,,,,,,,,
,,,,,,,,,,,,,,,,,,,,,,,,,,
,,,,,,,,,,,,,,,,,,,,,,,,,,
,,,,,,,,,,,,,,,,,,,,,,,,,,
,,,,,,,,,,,,,,,,,,,,,,,,,,
,,,,,,,,,,,,,,,,,,,,,,,,,,
,,,,,,,,,,,,,,,,,,,,,,,,,,
,,,,,,,,,,,,,,,,,,,,,,,,,,
,,,,,,,,,,,,,,,,,,,,,,,,,,
,,,,,,,,,,,,,,,,,,,,,,,,,,
,,,,,,,,,,,,,,,,,,,,,,,,,,
,,,,,,,,,,,,,,,,,,,,,,,,,,
,,,,,,,,,,,,,,,,,,,,,,,,,,
,,,,,,,,,,,,,,,,,,,,,,,,,,
,,,,,,,,,,,,,,,,,,,,,,,,,,
,,,,,,,,,,,,,,,,,,,,,,,,,,
,,,,,,,,,,,,,,,,,,,,,,,,,,
,,,,,,,,,,,,,,,,,,,,,,,,,,
,,,,,,,,,,,,,,,,,,,,,,,,,,
,,,,,,,,,,,,,,,,,,,,,,,,,,
,,,,,,,,,,,,,,,,,,,,,,,,,,
,,,,,,,,,,,,,,,,,,,,,,,,,,
,,,,,,,,,,,,,,,,,,,,,,,,,,
,,,,,,,,,,,,,,,,,,,,,,,,,,
,,,,,,,,,,,,,,,,,,,,,,,,,,
,,,,,,,,,,,,,,,,,,,,,,,,,,
,,,,,,,,,,,,,,,,,,,,,,,,,,
,,,,,,,,,,,,,,,,,,,,,,,,,,
,,,,,,,,,,,,,,,,,,,,,,,,,,
,,,,,,,,,,,,,,,,,,,,,,,,,,
,,,,,,,,,,,,,,,,,,,,,,,,,,
,,,,,,,,,,,,,,,,,,,,,,,,,,
,,,,,,,,,,,,,,,,,,,,,,,,,,
,,,,,,,,,,,,,,,,,,,,,,,,,,
,,,,,,,,,,,,,,,,,,,,,,,,,,
,,,,,,,,,,,,,,,,,,,,,,,,,,
,,,,,,,,,,,,,,,,,,,,,,,,,,
,,,,,,,,,,,,,,,,,,,,,,,,,,
,,,,,,,,,,,,,,,,,,,,,,,,,,
,,,,,,,,,,,,,,,,,,,,,,,,,,
,,,,,,,,,,,,,,,,,,,,,,,,,,
,,,,,,,,,,,,,,,,,,,,,,,,,,
,,,,,,,,,,,,,,,,,,,,,,,,,,
,,,,,,,,,,,,,,,,,,,,,,,,,,
,,,,,,,,,,,,,,,,,,,,,,,,,,
,,,,,,,,,,,,,,,,,,,,,,,,,,
,,,,,,,,,,,,,,,,,,,,,,,,,,
,,,,,,,,,,,,,,,,,,,,,,,,,,
,,,,,,,,,,,,,,,,,,,,,,,,,,
,,,,,,,,,,,,,,,,,,,,,,,,,,
,,,,,,,,,,,,,,,,,,,,,,,,,,
,,,,,,,,,,,,,,,,,,,,,,,,,,
,,,,,,,,,,,,,,,,,,,,,,,,,,
,,,,,,,,,,,,,,,,,,,,,,,,,,
,,,,,,,,,,,,,,,,,,,,,,,,,,
,,,,,,,,,,,,,,,,,,,,,,,,,,
,,,,,,,,,,,,,,,,,,,,,,,,,,
,,,,,,,,,,,,,,,,,,,,,,,,,,
,,,,,,,,,,,,,,,,,,,,,,,,,,
,,,,,,,,,,,,,,,,,,,,,,,,,,
,,,,,,,,,,,,,,,,,,,,,,,,,,
,,,,,,,,,,,,,,,,,,,,,,,,,,
,,,,,,,,,,,,,,,,,,,,,,,,,,
,,,,,,,,,,,,,,,,,,,,,,,,,,
,,,,,,,,,,,,,,,,,,,,,,,,,,
,,,,,,,,,,,,,,,,,,,,,,,,,,
,,,,,,,,,,,,,,,,,,,,,,,,,,
,,,,,,,,,,,,,,,,,,,,,,,,,,
,,,,,,,,,,,,,,,,,,,,,,,,,,
,,,,,,,,,,,,,,,,,,,,,,,,,,
,,,,,,,,,,,,,,,,,,,,,,,,,,
,,,,,,,,,,,,,,,,,,,,,,,,,,
,,,,,,,,,,,,,,,,,,,,,,,,,,
,,,,,,,,,,,,,,,,,,,,,,,,,,
,,,,,,,,,,,,,,,,,,,,,,,,,,
,,,,,,,,,,,,,,,,,,,,,,,,,,
,,,,,,,,,,,,,,,,,,,,,,,,,,
,,,,,,,,,,,,,,,,,,,,,,,,,,
,,,,,,,,,,,,,,,,,,,,,,,,,,
,,,,,,,,,,,,,,,,,,,,,,,,,,
,,,,,,,,,,,,,,,,,,,,,,,,,,
,,,,,,,,,,,,,,,,,,,,,,,,,,
,,,,,,,,,,,,,,,,,,,,,,,,,,
,,,,,,,,,,,,,,,,,,,,,,,,,,
,,,,,,,,,,,,,,,,,,,,,,,,,,
,,,,,,,,,,,,,,,,,,,,,,,,,,
,,,,,,,,,,,,,,,,,,,,,,,,,,
,,,,,,,,,,,,,,,,,,,,,,,,,,
,,,,,,,,,,,,,,,,,,,,,,,,,,
,,,,,,,,,,,,,,,,,,,,,,,,,,
,,,,,,,,,,,,,,,,,,,,,,,,,,
,,,,,,,,,,,,,,,,,,,,,,,,,,
,,,,,,,,,,,,,,,,,,,,,,,,,,
,,,,,,,,,,,,,,,,,,,,,,,,,,
,,,,,,,,,,,,,,,,,,,,,,,,,,
,,,,,,,,,,,,,,,,,,,,,,,,,,
,,,,,,,,,,,,,,,,,,,,,,,,,,
,,,,,,,,,,,,,,,,,,,,,,,,,,
,,,,,,,,,,,,,,,,,,,,,,,,,,
,,,,,,,,,,,,,,,,,,,,,,,,,,
,,,,,,,,,,,,,,,,,,,,,,,,,,
,,,,,,,,,,,,,,,,,,,,,,,,,,
,,,,,,,,,,,,,,,,,,,,,,,,,,
,,,,,,,,,,,,,,,,,,,,,,,,,,
,,,,,,,,,,,,,,,,,,,,,,,,,,
,,,,,,,,,,,,,,,,,,,,,,,,,,
,,,,,,,,,,,,,,,,,,,,,,,,,,
,,,,,,,,,,,,,,,,,,,,,,,,,,
,,,,,,,,,,,,,,,,,,,,,,,,,,
,,,,,,,,,,,,,,,,,,,,,,,,,,
,,,,,,,,,,,,,,,,,,,,,,,,,,
,,,,,,,,,,,,,,,,,,,,,,,,,,
,,,,,,,,,,,,,,,,,,,,,,,,,,
,,,,,,,,,,,,,,,,,,,,,,,,,,
,,,,,,,,,,,,,,,,,,,,,,,,,,
,,,,,,,,,,,,,,,,,,,,,,,,,,
,,,,,,,,,,,,,,,,,,,,,,,,,,
,,,,,,,,,,,,,,,,,,,,,,,,,,
,,,,,,,,,,,,,,,,,,,,,,,,,,
,,,,,,,,,,,,,,,,,,,,,,,,,,
,,,,,,,,,,,,,,,,,,,,,,,,,,
,,,,,,,,,,,,,,,,,,,,,,,,,,
,,,,,,,,,,,,,,,,,,,,,,,,,,
,,,,,,,,,,,,,,,,,,,,,,,,,,
,,,,,,,,,,,,,,,,,,,,,,,,,,
,,,,,,,,,,,,,,,,,,,,,,,,,,
,,,,,,,,,,,,,,,,,,,,,,,,,,
,,,,,,,,,,,,,,,,,,,,,,,,,,
,,,,,,,,,,,,,,,,,,,,,,,,,,
,,,,,,,,,,,,,,,,,,,,,,,,,,
,,,,,,,,,,,,,,,,,,,,,,,,,,
,,,,,,,,,,,,,,,,,,,,,,,,,,
,,,,,,,,,,,,,,,,,,,,,,,,,,
,,,,,,,,,,,,,,,,,,,,,,,,,,
,,,,,,,,,,,,,,,,,,,,,,,,,,
,,,,,,,,,,,,,,,,,,,,,,,,,,
,,,,,,,,,,,,,,,,,,,,,,,,,,
,,,,,,,,,,,,,,,,,,,,,,,,,,
,,,,,,,,,,,,,,,,,,,,,,,,,,
,,,,,,,,,,,,,,,,,,,,,,,,,,
,,,,,,,,,,,,,,,,,,,,,,,,,,
,,,,,,,,,,,,,,,,,,,,,,,,,,
,,,,,,,,,,,,,,,,,,,,,,,,,,
,,,,,,,,,,,,,,,,,,,,,,,,,,
,,,,,,,,,,,,,,,,,,,,,,,,,,
,,,,,,,,,,,,,,,,,,,,,,,,,,
,,,,,,,,,,,,,,,,,,,,,,,,,,
,,,,,,,,,,,,,,,,,,,,,,,,,,
,,,,,,,,,,,,,,,,,,,,,,,,,,
,,,,,,,,,,,,,,,,,,,,,,,,,,
,,,,,,,,,,,,,,,,,,,,,,,,,,
,,,,,,,,,,,,,,,,,,,,,,,,,,
,,,,,,,,,,,,,,,,,,,,,,,,,,
,,,,,,,,,,,,,,,,,,,,,,,,,,
,,,,,,,,,,,,,,,,,,,,,,,,,,
,,,,,,,,,,,,,,,,,,,,,,,,,,
,,,,,,,,,,,,,,,,,,,,,,,,,,
,,,,,,,,,,,,,,,,,,,,,,,,,,
,,,,,,,,,,,,,,,,,,,,,,,,,,
,,,,,,,,,,,,,,,,,,,,,,,,,,
,,,,,,,,,,,,,,,,,,,,,,,,,,
,,,,,,,,,,,,,,,,,,,,,,,,,,
,,,,,,,,,,,,,,,,,,,,,,,,,,
,,,,,,,,,,,,,,,,,,,,,,,,,,
,,,,,,,,,,,,,,,,,,,,,,,,,,
,,,,,,,,,,,,,,,,,,,,,,,,,,
,,,,,,,,,,,,,,,,,,,,,,,,,,
,,,,,,,,,,,,,,,,,,,,,,,,,,
,,,,,,,,,,,,,,,,,,,,,,,,,,
,,,,,,,,,,,,,,,,,,,,,,,,,,
,,,,,,,,,,,,,,,,,,,,,,,,,,
,,,,,,,,,,,,,,,,,,,,,,,,,,
,,,,,,,,,,,,,,,,,,,,,,,,,,
,,,,,,,,,,,,,,,,,,,,,,,,,,
,,,,,,,,,,,,,,,,,,,,,,,,,,
,,,,,,,,,,,,,,,,,,,,,,,,,,
,,,,,,,,,,,,,,,,,,,,,,,,,,
,,,,,,,,,,,,,,,,,,,,,,,,,,
,,,,,,,,,,,,,,,,,,,,,,,,,,
,,,,,,,,,,,,,,,,,,,,,,,,,,
,,,,,,,,,,,,,,,,,,,,,,,,,,
,,,,,,,,,,,,,,,,,,,,,,,,,,
,,,,,,,,,,,,,,,,,,,,,,,,,,
,,,,,,,,,,,,,,,,,,,,,,,,,,
,,,,,,,,,,,,,,,,,,,,,,,,,,
,,,,,,,,,,,,,,,,,,,,,,,,,,
,,,,,,,,,,,,,,,,,,,,,,,,,,
,,,,,,,,,,,,,,,,,,,,,,,,,,
,,,,,,,,,,,,,,,,,,,,,,,,,,
,,,,,,,,,,,,,,,,,,,,,,,,,,
,,,,,,,,,,,,,,,,,,,,,,,,,,
,,,,,,,,,,,,,,,,,,,,,,,,,,
,,,,,,,,,,,,,,,,,,,,,,,,,,
,,,,,,,,,,,,,,,,,,,,,,,,,,
,,,,,,,,,,,,,,,,,,,,,,,,,,
,,,,,,,,,,,,,,,,,,,,,,,,,,
,,,,,,,,,,,,,,,,,,,,,,,,,,
,,,,,,,,,,,,,,,,,,,,,,,,,,
,,,,,,,,,,,,,,,,,,,,,,,,,,
,,,,,,,,,,,,,,,,,,,,,,,,,,
,,,,,,,,,,,,,,,,,,,,,,,,,,
,,,,,,,,,,,,,,,,,,,,,,,,,,
,,,,,,,,,,,,,,,,,,,,,,,,,,
,,,,,,,,,,,,,,,,,,,,,,,,,,
,,,,,,,,,,,,,,,,,,,,,,,,,,
,,,,,,,,,,,,,,,,,,,,,,,,,,
,,,,,,,,,,,,,,,,,,,,,,,,,,
,,,,,,,,,,,,,,,,,,,,,,,,,,
,,,,,,,,,,,,,,,,,,,,,,,,,,
,,,,,,,,,,,,,,,,,,,,,,,,,,
,,,,,,,,,,,,,,,,,,,,,,,,,,
,,,,,,,,,,,,,,,,,,,,,,,,,,
,,,,,,,,,,,,,,,,,,,,,,,,,,
,,,,,,,,,,,,,,,,,,,,,,,,,,
,,,,,,,,,,,,,,,,,,,,,,,,,,
,,,,,,,,,,,,,,,,,,,,,,,,,,
,,,,,,,,,,,,,,,,,,,,,,,,,,
,,,,,,,,,,,,,,,,,,,,,,,,,,
,,,,,,,,,,,,,,,,,,,,,,,,,,
,,,,,,,,,,,,,,,,,,,,,,,,,,
,,,,,,,,,,,,,,,,,,,,,,,,,,
,,,,,,,,,,,,,,,,,,,,,,,,,,
,,,,,,,,,,,,,,,,,,,,,,,,,,
,,,,,,,,,,,,,,,,,,,,,,,,,,
,,,,,,,,,,,,,,,,,,,,,,,,,,
,,,,,,,,,,,,,,,,,,,,,,,,,,
,,,,,,,,,,,,,,,,,,,,,,,,,,
,,,,,,,,,,,,,,,,,,,,,,,,,,
,,,,,,,,,,,,,,,,,,,,,,,,,,
,,,,,,,,,,,,,,,,,,,,,,,,,,
,,,,,,,,,,,,,,,,,,,,,,,,,,
,,,,,,,,,,,,,,,,,,,,,,,,,,
,,,,,,,,,,,,,,,,,,,,,,,,,,
,,,,,,,,,,,,,,,,,,,,,,,,,,
,,,,,,,,,,,,,,,,,,,,,,,,,,
,,,,,,,,,,,,,,,,,,,,,,,,,,
,,,,,,,,,,,,,,,,,,,,,,,,,,
,,,,,,,,,,,,,,,,,,,,,,,,,,
,,,,,,,,,,,,,,,,,,,,,,,,,,
,,,,,,,,,,,,,,,,,,,,,,,,,,
,,,,,,,,,,,,,,,,,,,,,,,,,,
,,,,,,,,,,,,,,,,,,,,,,,,,,
,,,,,,,,,,,,,,,,,,,,,,,,,,
,,,,,,,,,,,,,,,,,,,,,,,,,,
,,,,,,,,,,,,,,,,,,,,,,,,,,
,,,,,,,,,,,,,,,,,,,,,,,,,,
,,,,,,,,,,,,,,,,,,,,,,,,,,
,,,,,,,,,,,,,,,,,,,,,,,,,,
,,,,,,,,,,,,,,,,,,,,,,,,,,